,country,grocery_pharmacy,parks,residential,retail_recreation,transit_stations,workplaces,total_cases,fatalities,recovered,active_cases,passed_days,population,cases_per_thousand
0,Argentina,8.185,17.563,0.43700000000000006,13.644,5.334,-2.4859999999999998,0,0,0,0,0,44490000.0,0.0
1,Argentina,-15.875,25.605,6.321000000000001,-9.972999999999999,-26.785,-53.687,0,0,0,0,1,44490000.0,0.0
2,Argentina,-17.135,1.325,6.895,-19.717,-28.485,-50.053000000000004,0,0,0,0,2,44490000.0,0.0
3,Argentina,2.3040000000000003,5.399,-2.273,0.845,9.461,12.584000000000001,0,0,0,0,3,44490000.0,0.0
4,Argentina,-0.40399999999999997,-5.267,-0.493,-0.584,7.983,12.407,0,0,0,0,4,44490000.0,0.0
5,Argentina,2.075,-7.859,-0.5770000000000001,2.877,7.973,12.857000000000001,0,0,0,0,5,44490000.0,0.0
6,Argentina,4.685,-7.582000000000001,1.409,5.265,5.595,2.156,0,0,0,0,6,44490000.0,0.0
7,Argentina,2.873,-10.517999999999999,2.417,-2.509,0.9440000000000001,-2.36,0,0,0,0,7,44490000.0,0.0
8,Argentina,3.958,-8.264,-1.3630000000000002,0.537,6.931,16.164,0,0,0,0,8,44490000.0,0.0
9,Argentina,5.09,-6.2410000000000005,-1.33,0.2,8.202,16.192,1,0,0,1,9,44490000.0,2.247696111485727e-05
10,Argentina,2.898,-0.579,-1.916,-0.983,7.567,17.953,1,0,0,1,10,44490000.0,2.247696111485727e-05
11,Argentina,4.236000000000001,-8.884,-1.4909999999999999,0.735,10.191,17.557000000000002,1,0,0,1,11,44490000.0,2.247696111485727e-05
12,Argentina,7.63,-6.797000000000001,-1.996,6.376,12.04,18.163,2,0,0,2,12,44490000.0,4.495392222971454e-05
13,Argentina,7.222,-9.604,1.219,5.391,8.476,2.7560000000000002,8,0,0,8,13,44490000.0,0.00017981568891885816
14,Argentina,4.425,-12.354000000000001,2.186,3.013,2.63,-2.325,12,1,0,11,14,44490000.0,0.00024724657226342996
15,Argentina,5.438,-9.125,-0.813,1.3730000000000002,13.177999999999999,14.687999999999999,12,1,0,11,15,44490000.0,0.00024724657226342996
16,Argentina,8.046,-8.646,-2.092,2.687,13.620999999999999,18.222,17,1,0,16,16,44490000.0,0.0003596313778377163
17,Argentina,-6.831,-24.127,0.207,-15.515,-6.097,15.189,19,1,0,18,17,44490000.0,0.00040458530006743087
18,Argentina,8.224,-15.55,-1.41,-4.239,10.392000000000001,18.187,19,1,0,18,18,44490000.0,0.00040458530006743087
19,Argentina,10.128,-17.125,-1.125,-4.731,7.287999999999999,18.21,31,2,0,29,19,44490000.0,0.0006518318723308608
20,Argentina,4.578,-40.463,7.188,-18.762,-19.48,-3.8510000000000004,34,2,1,31,20,44490000.0,0.0006967857945605754
21,Argentina,16.951,-43.747,8.781,-29.345,-17.249000000000002,-9.812000000000001,45,2,1,42,21,44490000.0,0.0009440323668240054
22,Argentina,7.879,-39.431,6.346,-26.9,-16.545,0.894,56,2,1,53,22,44490000.0,0.0011912789390874355
23,Argentina,-11.395999999999999,-53.747,10.637,-40.83,-31.844,-11.995,68,2,3,63,23,44490000.0,0.001416048550236008
24,Argentina,-10.624,-48.792,12.005,-42.791000000000004,-34.599000000000004,-18.855,79,2,3,74,24,44490000.0,0.001663295122499438
25,Argentina,4.992,-54.943000000000005,12.607000000000001,-42.199,-35.079,-24.291,97,3,3,91,25,44490000.0,0.0020454034614520115
26,Argentina,-40.436,-80.027,29.366999999999997,-78.483,-72.116,-60.537,128,3,3,122,26,44490000.0,0.002742189256012587
27,Argentina,-49.071999999999996,-85.37799999999999,28.034000000000002,-82.64200000000001,-75.40899999999999,-57.28,158,4,3,151,27,44490000.0,0.003394021128343448
28,Argentina,-61.218,-89.944,27.362,-87.281,-81.01899999999999,-57.88,266,4,3,259,28,44490000.0,0.005821532928748033
29,Argentina,-63.753,-88.34299999999999,31.67,-87.824,-84.97399999999999,-79.097,301,4,3,294,29,44490000.0,0.0066082265677680375
30,Argentina,-63.568999999999996,-87.98299999999999,31.076,-87.85600000000001,-84.97200000000001,-79.293,387,6,52,329,30,44490000.0,0.0073949202067880426
31,Argentina,-50.052,-82.431,28.357,-82.419,-76.76,-67.967,387,8,52,327,31,44490000.0,0.007349966284558328
32,Argentina,-52.21,-83.698,30.111,-82.74799999999999,-77.253,-68.171,502,9,63,430,32,44490000.0,0.009665093279388626
33,Argentina,-48.608999999999995,-81.859,32.409,-81.227,-75.292,-66.72800000000001,589,13,72,504,33,44490000.0,0.011328388401888064
34,Argentina,-47.998999999999995,-84.324,28.839000000000002,-81.711,-75.465,-59.253,690,18,72,600,34,44490000.0,0.013486176668914362
35,Argentina,-60.955,-89.15,27.369,-86.48,-80.396,-57.303000000000004,745,19,72,654,35,44490000.0,0.014699932569116655
36,Argentina,-51.498000000000005,-83.03299999999999,28.489,-81.158,-77.265,-68.314,820,23,228,569,36,44490000.0,0.012789390874353787
37,Argentina,-58.58,-85.31299999999999,29.959,-84.535,-81.632,-76.378,1054,27,240,787,37,44490000.0,0.01768936839739267
38,Argentina,-46.458999999999996,-79.491,27.028000000000002,-78.877,-74.806,-64.188,1054,28,248,778,38,44490000.0,0.017487075747358957
39,Argentina,-46.744,-81.161,28.838,-78.947,-73.954,-64.492,1133,36,256,841,39,44490000.0,0.018903124297594966
40,Argentina,-41.299,-78.211,30.603,-76.75,-71.108,-62.00899999999999,1265,39,266,960,40,44490000.0,0.02157788267026298
41,Argentina,-41.123999999999995,-81.15899999999999,27.254,-77.294,-70.592,-53.548,1451,43,279,1129,41,44490000.0,0.02537648909867386
42,Argentina,-53.836999999999996,-86.676,25.873,-82.97399999999999,-75.91,-52.12,1451,44,280,1127,42,44490000.0,0.025331535176444146
43,Australia,4.283,8.616,-0.263,3.3539999999999996,4.062,-1.661,15,0,11,4,0,24990000.0,0.0001600640256102441
44,Australia,0.807,-9.507,-1.4469999999999998,-0.815,7.875,17.275,15,0,11,4,1,24990000.0,0.0001600640256102441
45,Australia,-0.769,-8.38,-1.334,-2.52,10.086,14.661,15,0,11,4,2,24990000.0,0.0001600640256102441
46,Australia,-0.263,-5.0360000000000005,-1.139,-0.574,9.637,13.935,15,0,11,4,3,24990000.0,0.0001600640256102441
47,Australia,1.369,-1.5330000000000001,-1.4069999999999998,-0.396,10.31,14.167,15,0,11,4,4,24990000.0,0.0001600640256102441
48,Australia,5.7170000000000005,-0.46399999999999997,-2.66,3.968,13.725,16.627,15,0,11,4,5,24990000.0,0.0001600640256102441
49,Australia,6.102,17.769000000000002,-1.014,6.399,10.955,3.9930000000000003,25,0,11,14,6,24990000.0,0.0005602240896358543
50,Australia,7.434,19.68,-0.488,3.7060000000000004,5.534,-0.985,27,1,11,15,7,24990000.0,0.0006002400960384153
51,Australia,4.658,-0.5760000000000001,-0.446,-0.48700000000000004,5.854,10.245,30,1,11,18,8,24990000.0,0.0007202881152460984
52,Australia,7.375,-14.005,-1.45,-1.669,9.052,15.05,39,1,11,27,9,24990000.0,0.0010804321728691477
53,Australia,12.463,-15.140999999999998,-0.693,0.35,6.519,13.897,52,2,11,39,10,24990000.0,0.00156062424969988
54,Australia,9.132,-18.612000000000002,-0.38299999999999995,-2.032,6.129,13.498,55,2,21,32,11,24990000.0,0.0012805122048819527
55,Australia,14.217,-6.468,-2.1630000000000003,3.2239999999999998,9.36,15.623,60,2,21,37,12,24990000.0,0.001480592236894758
56,Australia,12.235,9.747,-0.08199999999999999,3.457,2.708,2.3569999999999998,63,2,21,40,13,24990000.0,0.001600640256102441
57,Australia,8.191,13.52,-0.155,3.1439999999999997,0.48,-1.806,76,3,21,52,14,24990000.0,0.002080832332933173
58,Australia,3.112,5.013,3.989,-3.0660000000000003,-9.266,-14.363,91,3,21,67,15,24990000.0,0.0026810724289715888
59,Australia,8.625,-11.427999999999999,-0.71,-2.471,6.053999999999999,13.436,107,3,21,83,16,24990000.0,0.003321328531412565
60,Australia,8.26,-1.633,-0.6729999999999999,-1.288,5.57,13.547,128,3,21,104,17,24990000.0,0.004161664665866346
61,Australia,10.845,2.169,-0.755,-1.38,5.811,13.109000000000002,128,3,21,104,18,24990000.0,0.004161664665866346
62,Australia,17.257,-8.232999999999999,-0.8109999999999999,0.648,4.779,14.472999999999999,200,3,23,174,19,24990000.0,0.006962785114045618
63,Australia,19.701,-15.375,2.207,-0.597,-10.157,3.0460000000000003,250,3,23,224,20,24990000.0,0.008963585434173669
64,Australia,23.875,-7.678999999999999,2.445,-2.029,-12.671,-1.464,297,3,23,271,21,24990000.0,0.010844337735094037
65,Australia,33.359,-17.605999999999998,1.143,-1.4609999999999999,-7.242000000000001,12.331,377,3,23,351,22,24990000.0,0.01404561824729892
66,Australia,34.723,-20.614,3.015,-5.142,-13.585999999999999,5.292000000000001,452,5,23,424,23,24990000.0,0.016966786714685874
67,Australia,31.793000000000003,-14.65,4.703,-6.542000000000001,-18.331,1.676,568,6,23,539,24,24990000.0,0.021568627450980392
68,Australia,25.081999999999997,-8.968,5.473,-10.245,-21.506999999999998,-0.307,681,6,26,649,25,24990000.0,0.025970388155262106
69,Australia,20.021,-12.095999999999998,5.649,-11.558,-22.129,0.319,791,7,26,758,26,24990000.0,0.030332132853141257
70,Australia,10.704,-9.065,6.702000000000001,-16.562,-27.715999999999998,-4.421,1071,7,26,1038,27,24990000.0,0.041536614645858345
71,Australia,9.716000000000001,-10.81,6.436,-18.342,-33.681999999999995,-11.581,1549,7,88,1454,28,24990000.0,0.05818327330932373
72,Australia,17.435,-27.17,7.885,-17.046,-35.834,-5.813,1682,7,88,1587,29,24990000.0,0.06350540216086435
73,Australia,4.095,-30.186999999999998,12.372,-30.031,-44.736000000000004,-18.673,2044,8,115,1921,30,24990000.0,0.07687074829931972
74,Australia,1.905,-32.841,14.373,-30.941999999999997,-49.861000000000004,-22.719,2364,8,119,2237,31,24990000.0,0.089515806322529
75,Australia,1.699,-23.22,15.915,-34.244,-52.948,-26.989,2810,13,172,2625,32,24990000.0,0.10504201680672269
76,Australia,2.206,-30.104,16.705,-35.483000000000004,-52.92100000000001,-26.425,3143,13,194,2936,33,24990000.0,0.11748699479791917
77,Australia,-8.503,-33.523,14.773,-40.954,-53.205,-26.807,3640,14,244,3382,34,24990000.0,0.1353341336534614
78,Australia,-18.732,-34.655,13.283,-44.894,-58.146,-32.674,3984,16,244,3724,35,24990000.0,0.14901960784313725
79,Australia,-12.772,-35.123000000000005,16.215999999999998,-39.373000000000005,-58.568999999999996,-31.95,4361,17,257,4087,36,24990000.0,0.16354541816726692
80,Australia,-13.433,-34.698,17.812,-40.52,-59.483999999999995,-36.243,4559,18,358,4183,37,24990000.0,0.16738695478191276
81,Australia,-12.942,-36.474000000000004,18.871,-39.835,-60.453,-37.204,4862,20,422,4420,38,24990000.0,0.17687074829931973
82,Australia,-13.5,-41.937,20.021,-42.216,-62.538000000000004,-38.217,5116,24,520,4572,39,24990000.0,0.182953181272509
83,Australia,-7.1160000000000005,-41.345,20.053,-39.945,-60.718,-35.96,5330,28,649,4653,40,24990000.0,0.18619447779111645
84,Australia,-14.126,-52.364,17.207,-44.287,-61.159,-33.263000000000005,5550,30,701,4819,41,24990000.0,0.19283713485394158
85,Australia,-18.11,-42.611000000000004,14.319,-44.063,-61.992,-36.080999999999996,5687,35,757,4895,42,24990000.0,0.19587835134053622
86,Brazil,6.952999999999999,32.326,0.778,4.322,2.113,-2.543,0,0,0,0,0,209500000.0,0.0
87,Brazil,-6.522,68.676,8.125,-13.948,-26.987,-45.315,0,0,0,0,1,209500000.0,0.0
88,Brazil,-28.524,50.735,9.672,-31.478,-34.936,-60.556000000000004,0,0,0,0,2,209500000.0,0.0
89,Brazil,-10.696,-8.177999999999999,5.739,-18.266,-17.438,-18.111,1,0,0,1,3,209500000.0,4.77326968973747e-06
90,Brazil,1.5119999999999998,-10.672,0.871,-8.467,1.192,10.004,1,0,0,1,4,209500000.0,4.77326968973747e-06
91,Brazil,3.196,-16.695,1.056,-5.184,1.7719999999999998,13.097000000000001,1,0,0,1,5,209500000.0,4.77326968973747e-06
92,Brazil,4.746,-22.699,3.063,-2.5989999999999998,-2.258,5.059,2,0,0,2,6,209500000.0,9.54653937947494e-06
93,Brazil,2.943,-34.474000000000004,4.526,-9.187999999999999,-9.702,-1.409,2,0,0,2,7,209500000.0,9.54653937947494e-06
94,Brazil,0.62,-25.476999999999997,-0.19399999999999998,-6.325,5.517,19.505,2,0,0,2,8,209500000.0,9.54653937947494e-06
95,Brazil,1.876,-20.685,-0.536,-4.694,6.061,14.943,2,0,0,2,9,209500000.0,9.54653937947494e-06
96,Brazil,1.756,-11.154000000000002,-0.677,-1.061,7.3839999999999995,16.437,4,0,0,4,10,209500000.0,1.909307875894988e-05
97,Brazil,6.607,-4.813,-1.631,0.10099999999999999,10.475999999999999,17.618,4,0,0,4,11,209500000.0,1.909307875894988e-05
98,Brazil,10.908,-6.859,-1.902,5.815,12.897,18.087,13,0,0,13,12,209500000.0,6.205250596658712e-05
99,Brazil,12.602,-14.272,0.297,9.263,7.978,7.194,13,0,0,13,13,209500000.0,6.205250596658712e-05
100,Brazil,10.501,-16.689,1.382,8.293,2.097,3.0039999999999996,20,0,0,20,14,209500000.0,9.546539379474941e-05
101,Brazil,4.8469999999999995,-11.753,-1.581,0.8859999999999999,12.197000000000001,21.346999999999998,25,0,0,25,15,209500000.0,0.00011933174224343676
102,Brazil,4.859,-11.366,-1.9,0.439,11.002,17.232,31,0,0,31,16,209500000.0,0.00014797136038186158
103,Brazil,1.8319999999999999,-5.587000000000001,-1.422,1.166,10.142000000000001,16.824,38,0,0,38,17,209500000.0,0.00018138424821002386
104,Brazil,4.261,-4.992,-1.5090000000000001,-2.019,9.783999999999999,16.826,52,0,0,52,18,209500000.0,0.00024821002386634847
105,Brazil,6.591,-8.265,-1.6269999999999998,0.261,9.622,18.405,151,0,0,151,19,209500000.0,0.000720763723150358
106,Brazil,7.365,-15.440999999999999,1.294,-1.5130000000000001,-0.324,5.997000000000001,151,0,0,151,20,209500000.0,0.000720763723150358
107,Brazil,7.002000000000001,-21.063000000000002,2.5810000000000004,-8.152999999999999,-6.974,0.445,162,0,0,162,21,209500000.0,0.0007732696897374702
108,Brazil,5.898,-22.875999999999998,1.306,-11.097999999999999,-4.11,13.732999999999999,200,0,1,199,22,209500000.0,0.0009498806682577566
109,Brazil,7.186,-28.131999999999998,3.925,-18.697,-15.088,2.637,321,1,2,318,23,209500000.0,0.0015178997613365156
110,Brazil,5.247000000000001,-28.346999999999998,7.32,-24.94,-22.248,-5.843999999999999,372,3,2,367,24,209500000.0,0.0017517899761336515
111,Brazil,2.356,-33.608000000000004,10.448,-36.477,-30.96,-16.607,621,6,2,613,25,209500000.0,0.002926014319809069
112,Brazil,0.16899999999999998,-45.18600000000001,13.190999999999999,-44.50899999999999,-37.327,-21.066999999999997,793,11,2,780,26,209500000.0,0.003723150357995227
113,Brazil,-15.52,-65.605,16.104,-62.577,-50.36600000000001,-29.92,1021,15,2,1004,27,209500000.0,0.00479236276849642
114,Brazil,-33.367,-74.695,17.164,-72.443,-60.028,-34.330999999999996,1546,25,2,1519,28,209500000.0,0.007250596658711217
115,Brazil,-25.818,-60.893,19.95,-65.494,-57.817,-41.963,1924,34,2,1888,29,209500000.0,0.009011933174224343
116,Brazil,-32.918,-62.376000000000005,21.96,-70.654,-63.022,-50.806999999999995,2247,46,2,2199,30,209500000.0,0.010496420047732697
117,Brazil,-32.041,-57.292,22.869,-69.342,-62.952,-51.725,2554,59,2,2493,31,209500000.0,0.011899761336515513
118,Brazil,-28.996,-53.849,22.058000000000003,-68.524,-61.985,-50.49,2985,77,6,2902,32,209500000.0,0.013852028639618139
119,Brazil,-25.683000000000003,-55.788999999999994,22.721999999999998,-66.962,-60.218999999999994,-47.809,3417,92,6,3319,33,209500000.0,0.015842482100238663
120,Brazil,-27.320999999999998,-63.669,18.532,-69.58800000000001,-59.19,-40.582,3904,111,6,3787,34,209500000.0,0.0180763723150358
121,Brazil,-35.317,-69.938,16.858,-71.472,-62.263000000000005,-33.556,4256,136,6,4114,35,209500000.0,0.019637231503579954
122,Brazil,-26.129,-55.412,19.851,-61.715,-58.832,-43.14,4579,159,120,4300,36,209500000.0,0.02052505966587112
123,Brazil,-20.975,-53.213,19.377,-60.406000000000006,-58.228,-45.342,5717,201,127,5389,37,209500000.0,0.025723150357995227
124,Brazil,-18.55,-48.425,19.762,-58.41,-57.442,-44.693000000000005,6836,240,127,6469,38,209500000.0,0.030878281622911695
125,Brazil,-17.289,-47.806000000000004,19.74,-59.493,-57.205,-44.562,8044,324,127,7593,39,209500000.0,0.036243436754176614
126,Brazil,-13.505999999999998,-52.343,20.457,-60.239,-55.119,-42.141000000000005,9056,359,127,8570,40,209500000.0,0.040906921241050116
127,Brazil,-13.155,-59.907,16.41,-63.093999999999994,-52.611999999999995,-34.667,10360,445,127,9788,41,209500000.0,0.04672076372315036
128,Brazil,-23.590999999999998,-65.529,14.974,-66.84100000000001,-56.62,-29.732,11130,486,127,10517,42,209500000.0,0.05020047732696897
129,Canada,6.125,36.01,-0.963,9.657,4.963,4.9,9,0,3,6,0,37590000.0,0.0001596169193934557
130,Canada,2.221,18.659000000000002,-0.012,2.551,-0.674,2.583,10,0,3,7,1,37590000.0,0.00018621973929236498
131,Canada,5.297999999999999,8.972000000000001,-0.249,1.881,-0.16699999999999998,3.194,11,0,3,8,2,37590000.0,0.00021282255919127428
132,Canada,1.537,0.642,0.85,-1.67,-1.555,0.77,11,0,3,8,3,37590000.0,0.00021282255919127428
133,Canada,-8.859,-5.986000000000001,3.97,-7.989,-4.529,-5.236000000000001,13,0,6,7,4,37590000.0,0.00018621973929236498
134,Canada,0.6970000000000001,-5.102,1.236,-0.61,1.0270000000000001,0.34600000000000003,14,0,6,8,5,37590000.0,0.00021282255919127428
135,Canada,6.652,10.503,-0.321,6.82,6.2829999999999995,6.681,20,0,6,14,6,37590000.0,0.00037243947858472997
136,Canada,9.379,22.951999999999998,-0.7709999999999999,10.267000000000001,5.547999999999999,5.472,24,0,6,18,7,37590000.0,0.00047885075818036713
137,Canada,3.281,1.028,0.9390000000000001,3.495,-2.379,-0.988,27,0,6,21,8,37590000.0,0.0005586592178770949
138,Canada,5.535,8.407,0.344,4.205,-2.345,-0.12,30,0,6,24,9,37590000.0,0.0006384676775738228
139,Canada,3.512,10.912,0.499,4.755,-0.457,-0.846,33,0,6,27,10,37590000.0,0.0007182761372705507
140,Canada,4.978,17.529,0.561,7.416,-0.97,-2.045,37,0,6,31,11,37590000.0,0.0008246874168661878
141,Canada,-0.667,5.609,1.254,1.3030000000000002,-2.7430000000000003,-1.062,49,0,6,43,12,37590000.0,0.0011439212556530992
142,Canada,4.942,17.214000000000002,0.07200000000000001,6.497999999999999,2.8310000000000004,5.68,54,0,8,46,13,37590000.0,0.0012237297153498271
143,Canada,7.354,49.768,-0.359,9.202,3.284,4.029,64,0,8,56,14,37590000.0,0.0014897579143389199
144,Canada,4.163,30.744,0.595,3.883,-2.775,1.9769999999999999,77,1,8,68,15,37590000.0,0.0018089917531258313
145,Canada,0.903,-2.06,1.446,-0.609,-5.606,1.2690000000000001,79,1,8,70,16,37590000.0,0.00186219739292365
146,Canada,6.705,11.652999999999999,0.499,3.465,-2.77,2.305,108,1,8,99,17,37590000.0,0.002633679169992019
147,Canada,27.4,11.474,0.635,7.256,-5.654,1.965,117,1,8,108,18,37590000.0,0.002873104549082203
148,Canada,34.641,-16.253,4.8389999999999995,-4.724,-17.253,-6.171,191,1,8,182,19,37590000.0,0.00484171322160149
149,Canada,19.194000000000003,-8.156,4.672,-10.885,-19.176,-0.812,196,1,8,187,20,37590000.0,0.004974727321096036
150,Canada,11.307,27.693,4.096,-11.552,-21.824,-5.001,250,1,8,241,21,37590000.0,0.0064112795956371375
151,Canada,22.546999999999997,14.777999999999999,9.758,-11.565,-37.105,-26.791,413,4,9,400,22,37590000.0,0.010641127959563713
152,Canada,12.57,6.767,13.559000000000001,-26.651,-45.118,-34.573,470,5,9,456,23,37590000.0,0.012130885873902634
153,Canada,6.593,14.216,15.589,-32.806,-48.303999999999995,-39.89,648,8,9,631,24,37590000.0,0.01678637935621176
154,Canada,3.51,17.92,17.409000000000002,-35.765,-52.04,-43.04600000000001,791,9,9,773,25,37590000.0,0.020563979781856877
155,Canada,-5.267,-7.845,20.226,-43.602,-54.395,-45.45,933,12,9,912,26,37590000.0,0.024261771747805267
156,Canada,-12.112,11.46,13.37,-48.909,-49.07,-32.083,1267,19,10,1238,27,37590000.0,0.0329342910348497
157,Canada,-20.963,3.987,11.299000000000001,-51.273999999999994,-54.145,-35.1,1456,20,10,1426,28,37590000.0,0.03793562117584464
158,Canada,-13.109000000000002,-26.69,19.97,-45.47,-63.176,-51.158,2075,24,10,2041,29,37590000.0,0.05429635541367385
159,Canada,-15.273,-9.859,21.735,-49.45399999999999,-64.26,-54.511,2777,25,110,2642,30,37590000.0,0.07028465017291832
160,Canada,-20.846999999999998,1.331,23.329,-53.388999999999996,-65.41,-58.593999999999994,3238,29,183,3026,31,37590000.0,0.0805001330140995
161,Canada,-20.866,-17.953,24.648000000000003,-54.028,-67.928,-59.229,4029,37,184,3808,32,37590000.0,0.10130353817504656
162,Canada,-20.526,-9.589,25.504,-54.68600000000001,-66.418,-58.523999999999994,4669,53,256,4360,33,37590000.0,0.11598829475924448
163,Canada,-27.085,-30.061999999999998,16.601,-59.395,-63.978,-44.047,5563,60,466,5037,34,37590000.0,0.13399840383080608
164,Canada,-34.658,-16.344,13.71,-59.053000000000004,-65.618,-43.622,6267,63,466,5738,35,37590000.0,0.15264698057994147
165,Canada,-27.121,-32.445,23.239,-53.597,-70.068,-60.254,7385,79,466,6840,36,37590000.0,0.1819632881085395
166,Canada,-19.107,-12.767000000000001,23.393,-50.891999999999996,-67.916,-60.31,8514,100,1592,6822,37,37590000.0,0.18148443735035913
167,Canada,-21.199,-10.318,23.985,-51.52,-67.949,-60.685,9547,108,1324,8115,38,37590000.0,0.21588188347964885
168,Canada,-23.101,-16.166,25.233,-52.992,-69.82600000000001,-60.886,11271,138,1735,9398,39,37590000.0,0.25001330140994943
169,Canada,-22.936,-32.89,26.791,-55.33,-69.49,-60.173,12424,178,2175,10071,40,37590000.0,0.2679169992019154
170,Canada,-25.340999999999998,-17.163,16.695,-56.887,-62.813,-44.597,12965,217,2577,10171,41,37590000.0,0.27057728119180635
171,Canada,-45.144,-12.925,14.088,-62.711999999999996,-66.798,-46.056999999999995,15743,258,3012,12473,42,37590000.0,0.3318169725990955
172,Germany,9.266,-23.603,0.47,-0.151,2.089,-2.613,16,0,14,2,0,83020000.0,2.409058058299205e-05
173,Germany,-4.697,17.152,3.625,1.8980000000000001,-5.462999999999999,-19.851,16,0,14,2,1,83020000.0,2.409058058299205e-05
174,Germany,-0.8859999999999999,14.974,3.5469999999999997,-0.525,-5.1160000000000005,-12.672,17,0,14,3,2,83020000.0,3.6135870874488076e-05
175,Germany,-0.22399999999999998,-0.21100000000000002,2.113,-3.216,-7.044,-5.428,27,0,15,12,3,83020000.0,0.0001445434834979523
176,Germany,2.81,-3.4219999999999997,1.9809999999999999,-5.15,-4.895,-4.388,46,0,16,30,4,83020000.0,0.00036135870874488076
177,Germany,11.044,8.594,1.5959999999999999,2.6310000000000002,-2.427,-4.877,48,0,16,32,5,83020000.0,0.0003854492893278728
178,Germany,5.18,9.249,0.723,-1.226,1.003,-0.617,79,0,16,63,6,83020000.0,0.0007588532883642496
179,Germany,18.11,21.38,0.077,8.293,4.332,0.583,130,0,16,114,7,83020000.0,0.001373163093230547
180,Germany,8.39,8.996,0.151,1.743,-1.177,0.256,159,0,16,143,8,83020000.0,0.0017224765116839317
181,Germany,4.997,8.263,1.348,-0.204,-3.4930000000000003,0.175,196,0,16,180,9,83020000.0,0.0021681522524692846
182,Germany,2.415,13.552,0.9740000000000001,1.6340000000000001,-3.5789999999999997,0.077,262,0,16,246,10,83020000.0,0.002963141411708022
183,Germany,0.133,-0.091,1.368,-3.958,-5.078,-0.152,482,0,16,466,11,83020000.0,0.005613105275837148
184,Germany,0.585,-10.503,2.09,-3.2310000000000003,-7.0889999999999995,-1.485,670,0,17,653,12,83020000.0,0.007865574560346904
185,Germany,-0.18600000000000003,18.624000000000002,0.784,0.85,-1.6980000000000002,0.244,799,0,18,781,13,83020000.0,0.009407371717658396
186,Germany,18.905,30.500999999999998,-0.099,12.164000000000001,1.7009999999999998,0.802,1040,0,18,1022,14,83020000.0,0.012310286677908937
187,Germany,1.964,6.961,0.784,-0.9179999999999999,-4.896,-0.8240000000000001,1176,2,18,1156,15,83020000.0,0.013924355576969406
188,Germany,-1.7690000000000001,-12.686,2.7489999999999997,-7.479,-8.466000000000001,-1.2309999999999999,1457,2,18,1437,16,83020000.0,0.017309082148879787
189,Germany,2.48,16.88,1.659,-0.98,-6.563,-1.212,1908,3,25,1880,17,83020000.0,0.022645145748012525
190,Germany,6.121,3.864,2.3040000000000003,-6.565,-9.43,-2.157,2078,3,25,2050,18,83020000.0,0.024692845097566852
191,Germany,19.012999999999998,-2.682,3.6010000000000004,-9.247,-14.652999999999999,-4.4830000000000005,3675,7,46,3622,19,83020000.0,0.043628041435798605
192,Germany,9.371,32.728,3.73,-17.109,-18.76,-3.165,4585,9,46,4530,20,83020000.0,0.054565165020476994
193,Germany,13.136,75.002,2.438,-12.253,-15.949000000000002,-5.0280000000000005,5795,11,46,5738,21,83020000.0,0.06911587569260419
194,Germany,21.544,40.01,5.912000000000001,-6.965,-25.06,-17.508,7272,17,67,7188,22,83020000.0,0.08658154661527342
195,Germany,11.220999999999998,30.956999999999997,10.067,-21.194000000000003,-34.775999999999996,-24.933000000000003,9257,24,67,9166,23,83020000.0,0.11040713081185256
196,Germany,4.638,44.053000000000004,11.35,-34.346,-39.312,-29.684,12327,28,105,12194,24,83020000.0,0.14688026981450253
197,Germany,-2.977,15.144,13.575999999999999,-44.975,-45.787,-33.321,15320,44,113,15163,25,83020000.0,0.18264273668995423
198,Germany,-1.62,-13.949000000000002,15.959000000000001,-49.975,-51.761,-36.24,19848,67,180,19601,26,83020000.0,0.2360997350036136
199,Germany,-24.408,-30.576999999999998,13.407,-68.783,-59.038000000000004,-30.714000000000002,22213,84,233,21896,27,83020000.0,0.263743676222597
200,Germany,-35.242,1.2990000000000002,9.58,-71.426,-57.693000000000005,-34.06,24873,94,266,24513,28,83020000.0,0.2952662009154421
201,Germany,-15.573,-5.398,16.261,-56.887,-56.161,-40.874,29056,123,266,28667,29,83020000.0,0.34530233678631655
202,Germany,-18.129,8.782,18.114,-59.402,-56.236999999999995,-42.713,32986,157,3243,29586,30,83020000.0,0.3563719585642014
203,Germany,-17.977999999999998,11.11,17.617,-58.486000000000004,-56.441,-43.206,37323,206,3547,33570,31,83020000.0,0.4043603950855216
204,Germany,-16.067999999999998,3.292,18.178,-59.12,-56.88399999999999,-43.753,43938,267,5673,37998,32,83020000.0,0.45769694049626597
205,Germany,-14.412,20.68,18.601,-58.536,-56.286,-43.851000000000006,50871,342,6658,43871,33,83020000.0,0.5284389303782221
206,Germany,-21.003,33.292,11.92,-66.111,-53.332,-32.818000000000005,57695,433,8481,48781,34,83020000.0,0.5875813057094676
207,Germany,-50.782,-49.28,10.767999999999999,-77.37899999999999,-68.09899999999999,-38.846,62095,533,9211,52351,35,83020000.0,0.6305829920501084
208,Germany,-15.898,-12.537,16.631,-54.297,-56.14,-43.123999999999995,66885,645,13500,52740,36,83020000.0,0.6352686099735003
209,Germany,-11.770999999999999,7.401,17.468,-53.361999999999995,-52.843999999999994,-43.093999999999994,71808,775,16100,54933,37,83020000.0,0.6616839315827512
210,Germany,-12.919,20.38,16.53,-51.963,-52.782,-42.964,77872,920,18700,58252,38,83020000.0,0.7016622500602264
211,Germany,-11.464,5.957000000000001,17.320999999999998,-53.777,-54.391000000000005,-43.461999999999996,84794,1107,22440,61247,39,83020000.0,0.737737894483257
212,Germany,-10.994000000000002,-13.15,18.814,-56.881,-56.975,-43.82,91159,1275,24575,65309,40,83020000.0,0.786665863647314
213,Germany,-15.887,20.584,11.814,-62.647,-52.251000000000005,-31.276999999999997,96092,1444,26400,68248,41,83020000.0,0.8220669718140207
214,Germany,-13.02,60.535,7.611000000000001,-58.172,-46.635,-30.221,100123,1584,28700,69839,42,83020000.0,0.8412310286677909
215,Spain,10.390999999999998,32.711999999999996,-3.1460000000000004,7.093,11.350999999999999,1.057,2,0,2,0,0,46940000.0,0.0
216,Spain,3.011,35.534,-0.24,4.624,4.4719999999999995,-6.93,2,0,2,0,1,46940000.0,0.0
217,Spain,-0.5529999999999999,17.207,0.525,-2.031,3.475,-6.22,6,0,2,4,2,46940000.0,8.521516829995739e-05
218,Spain,4.459,10.511,-0.285,-0.445,1.18,-0.314,13,0,2,11,3,46940000.0,0.00023434171282488283
219,Spain,7.774,15.595,-1.5190000000000001,3.997,5.694,0.735,15,0,2,13,4,46940000.0,0.0002769492969748615
220,Spain,-6.775,32.6,0.215,-0.632,2.28,-11.32,32,0,2,30,5,46940000.0,0.0006391137622496804
221,Spain,3.8760000000000003,18.649,-1.204,-1.071,5.598,-1.339,45,0,2,43,6,46940000.0,0.000916063059224542
222,Spain,5.921,5.861000000000001,-2.2569999999999997,2.13,5.044,1.2009999999999998,84,0,2,82,7,46940000.0,0.0017469109501491267
223,Spain,1.2890000000000001,-6.947,0.7509999999999999,-2.9189999999999996,-2.5860000000000003,-3.13,120,0,2,118,8,46940000.0,0.002513847464848743
224,Spain,2.617,-2.6060000000000003,-0.146,-2.7460000000000004,0.616,2.944,165,1,2,162,9,46940000.0,0.0034512143161482744
225,Spain,4.0,9.249,-0.38299999999999995,-0.076,1.611,2.7460000000000004,222,2,2,218,10,46940000.0,0.004644226672347678
226,Spain,2.173,1.5590000000000002,-0.193,-1.392,0.244,1.71,259,3,2,254,11,46940000.0,0.005411163187047294
227,Spain,2.11,0.266,0.011000000000000001,-1.5130000000000001,-0.255,-0.525,400,5,2,393,12,46940000.0,0.008372390285470814
228,Spain,0.8170000000000001,16.562,-0.9490000000000001,-1.248,4.156000000000001,0.6709999999999999,500,10,30,460,13,46940000.0,0.0097997443544951
229,Spain,6.734,19.08,-1.79,3.5469999999999997,8.231,0.9940000000000001,673,17,30,626,14,46940000.0,0.013336173838943331
230,Spain,4.1819999999999995,11.827,-0.611,-1.3530000000000002,0.43700000000000006,2.611,1073,28,32,1013,15,46940000.0,0.02158074137196421
231,Spain,17.799,12.181,-0.419,-2.642,-1.287,1.9069999999999998,1695,35,32,1628,16,46940000.0,0.03468257349808266
232,Spain,16.676,16.516,1.087,-4.954,-8.547,-2.313,2277,54,183,2040,17,46940000.0,0.04345973583297827
233,Spain,27.271,1.092,2.685,-13.104000000000001,-16.0,-5.279,2277,55,183,2039,18,46940000.0,0.04343843204090328
234,Spain,32.948,-21.663,8.356,-32.756,-32.349000000000004,-17.102999999999998,5232,133,193,4906,19,46940000.0,0.10451640391989774
235,Spain,-7.841,-44.172,14.213,-69.283,-51.946000000000005,-30.776999999999997,6391,195,517,5679,20,46940000.0,0.1209842351938645
236,Spain,-49.49100000000001,-75.676,16.817,-87.06,-70.63600000000001,-47.96,7798,289,517,6992,21,46940000.0,0.14895611418832552
237,Spain,-33.083,-71.688,22.824,-80.235,-70.652,-52.281000000000006,9942,342,530,9070,22,46940000.0,0.19322539412015338
238,Spain,-38.759,-73.45100000000001,25.438000000000002,-83.20100000000001,-74.319,-58.544,11748,533,1028,10187,23,46940000.0,0.21702172986791649
239,Spain,-36.188,-73.101,26.343000000000004,-83.553,-76.215,-60.44,13910,623,1081,12206,24,46940000.0,0.26003408606732
240,Spain,-57.86600000000001,-76.941,30.813000000000002,-87.62799999999999,-79.63600000000001,-70.696,17963,830,1107,16026,25,46940000.0,0.3414145717937793
241,Spain,-39.236999999999995,-78.571,31.855999999999998,-86.787,-79.51,-65.626,20410,1043,1588,17779,26,46940000.0,0.3787601193012356
242,Spain,-53.486999999999995,-86.553,25.816999999999997,-91.66799999999999,-83.825,-62.558,25374,1375,2125,21874,27,46940000.0,0.465999147848317
243,Spain,-73.252,-89.446,22.293000000000003,-93.70700000000001,-87.344,-65.475,28768,1772,2575,24421,28,46940000.0,0.5202599062633149
244,Spain,-46.453,-77.373,27.741999999999997,-84.861,-80.67399999999999,-64.92699999999999,35136,2311,2575,30250,29,46940000.0,0.6444397102684278
245,Spain,-50.369,-78.584,29.203000000000003,-86.633,-81.355,-66.958,39885,2808,3794,33283,30,46940000.0,0.7090541116318705
246,Spain,-51.043,-78.402,29.928,-86.976,-81.90899999999999,-67.383,49515,3647,5367,40501,31,46940000.0,0.8628248828291436
247,Spain,-51.637,-78.449,30.467,-87.23,-82.249,-67.896,57786,4365,7015,46406,32,46940000.0,0.9886237750319556
248,Spain,-49.378,-80.392,33.421,-88.141,-82.845,-67.579,65719,5138,9357,51224,33,46940000.0,1.0912654452492543
249,Spain,-56.82,-86.24799999999999,26.085,-91.891,-85.506,-63.794,73235,5982,12285,54968,34,46940000.0,1.1710268427780144
250,Spain,-76.33,-89.05799999999999,21.756999999999998,-93.74700000000001,-88.20100000000001,-63.876000000000005,80110,6803,14709,58598,35,46940000.0,1.2483596080102257
251,Spain,-55.406000000000006,-80.432,30.773000000000003,-88.57600000000001,-84.164,-73.699,87956,7716,16780,63460,36,46940000.0,1.351938645078824
252,Spain,-54.745,-82.329,32.157,-92.26899999999999,-84.20700000000001,-75.61,95923,8464,19259,68200,37,46940000.0,1.4529186195142736
253,Spain,-52.81100000000001,-81.25,32.624,-92.125,-84.333,-75.21600000000001,104118,9387,22647,72084,38,46940000.0,1.5356625479335322
254,Spain,-51.626999999999995,-80.645,33.126,-91.654,-84.01100000000001,-75.19800000000001,112065,10348,26743,74974,39,46940000.0,1.5972305070302515
255,Spain,-48.216,-81.51,35.68,-89.152,-84.236,-74.282,119199,11198,30513,77488,40,46940000.0,1.6507882403067746
256,Spain,-55.787,-86.399,26.418000000000003,-92.086,-85.77,-65.399,126168,11947,34219,80002,41,46940000.0,1.7043459735832978
257,Spain,-76.568,-89.52,22.646,-94.206,-88.956,-67.57,131646,12641,38080,80925,42,46940000.0,1.724009373668513
258,France,7.015,30.064,-1.3659999999999999,8.454,11.623,-0.883,12,1,4,7,0,66990000.0,0.0001044932079414838
259,France,3.234,45.388000000000005,3.125,2.5789999999999997,-1.1840000000000002,-15.241,12,1,4,7,1,66990000.0,0.0001044932079414838
260,France,1.385,23.25,3.535,1.206,-2.6510000000000002,-14.37,14,1,11,2,2,66990000.0,2.9855202268995374e-05
261,France,-1.6030000000000002,9.458,2.6010000000000004,-5.295,-5.24,-12.109000000000002,18,2,11,5,3,66990000.0,7.463800567248842e-05
262,France,-0.6659999999999999,0.81,4.073,-5.337000000000001,-5.194,-15.157,38,2,11,25,4,66990000.0,0.00037319002836244214
263,France,1.3,14.57,4.133,-0.7909999999999999,-0.46799999999999997,-14.624,57,2,11,44,5,66990000.0,0.0006568144499178982
264,France,1.056,-11.595999999999998,1.115,-7.257999999999999,3.7760000000000002,-4.613,100,2,12,86,6,66990000.0,0.001283773697566801
265,France,3.968,-13.312999999999999,-0.032,1.078,1.5190000000000001,1.256,130,2,12,116,7,66990000.0,0.0017316017316017316
266,France,3.472,-9.468,2.719,-5.912000000000001,-4.431,-5.347,191,3,12,176,8,66990000.0,0.002627257799671593
267,France,4.678999999999999,7.734,1.916,-1.391,-3.717,-4.197,204,4,12,188,9,66990000.0,0.002806389013285565
268,France,1.979,0.98,1.89,-5.835,-5.755,-3.198,288,4,12,272,10,66990000.0,0.004060307508583371
269,France,-0.209,-15.423,2.574,-7.746,-6.044,-5.034,380,6,12,362,11,66990000.0,0.005403791610688162
270,France,1.8619999999999999,-0.718,2.5180000000000002,-2.106,-1.306,-4.46,656,9,12,635,12,66990000.0,0.009479026720406031
271,France,1.105,7.189,0.757,-4.187,1.411,-0.319,959,11,12,936,13,66990000.0,0.013972234661889835
272,France,2.237,-0.562,0.636,0.485,-2.241,-0.591,1136,19,12,1105,14,66990000.0,0.016494999253619944
273,France,2.234,2.3,1.59,-4.546,-5.001,-0.602,1219,19,12,1188,15,66990000.0,0.017733990147783252
274,France,1.2919999999999998,1.0190000000000001,1.7369999999999999,-4.664,-5.787000000000001,-0.638,1794,33,12,1749,16,66990000.0,0.026108374384236452
275,France,1.621,16.654,1.3419999999999999,-5.747000000000001,-5.102,-0.336,2293,48,12,2233,17,66990000.0,0.03333333333333333
276,France,5.379,5.184,1.46,-7.989,-6.577000000000001,-0.998,2293,48,12,2233,18,66990000.0,0.03333333333333333
277,France,16.754,4.431,2.8739999999999997,-7.504,-7.766,-2.1519999999999997,3681,79,12,3590,19,66990000.0,0.053590088072846695
278,France,1.49,-0.9690000000000001,4.726,-21.287,-16.222,-5.183,4496,91,12,4393,20,66990000.0,0.06557695178384834
279,France,22.57,14.659,3.4930000000000003,-37.77,-21.448,-8.577,4532,91,12,4429,21,66990000.0,0.06611434542469025
280,France,46.044,-15.377,13.455,-42.84,-38.552,-35.935,6683,149,12,6522,22,66990000.0,0.0973578145991939
281,France,-15.225,-40.274,23.631999999999998,-67.937,-61.032,-55.23,7715,149,12,7554,23,66990000.0,0.11276309896999552
282,France,-45.461000000000006,-52.718,28.875999999999998,-82.751,-75.55199999999999,-67.223,9124,149,12,8963,24,66990000.0,0.13379608896850276
283,France,-40.925,-56.343,31.965,-82.447,-78.273,-70.531,10970,244,12,10714,25,66990000.0,0.1599343185550082
284,France,-41.883,-65.574,36.049,-83.281,-80.494,-70.929,12758,451,12,12295,26,66990000.0,0.18353485594864904
285,France,-54.348,-77.97399999999999,24.448,-87.95299999999999,-81.791,-58.168,14463,563,12,13888,27,66990000.0,0.20731452455590388
286,France,-63.698,-79.994,18.04,-86.235,-83.76700000000001,-54.773999999999994,16243,676,2206,13361,28,66990000.0,0.19944767875802358
287,France,-40.744,-64.408,31.973000000000003,-81.28,-81.778,-72.987,20123,862,2206,17055,29,66990000.0,0.25459023734885805
288,France,-44.878,-65.111,33.775,-82.569,-82.149,-73.938,22622,1102,3250,18270,30,66990000.0,0.2727272727272727
289,France,-48.464,-66.753,31.65,-84.32799999999999,-82.635,-72.968,25600,1333,3907,20360,31,66990000.0,0.3039259590983729
290,France,-45.849,-66.837,33.957,-83.667,-83.03,-73.925,29551,1698,4955,22898,32,66990000.0,0.341812210777728
291,France,-45.79600000000001,-67.9,37.338,-83.61,-83.571,-73.033,33402,1997,5707,25698,33,66990000.0,0.38360949395432153
292,France,-55.646,-76.191,24.506999999999998,-87.444,-83.01,-58.919,38105,2317,5724,30064,34,66990000.0,0.44878340050753845
293,France,-72.482,-81.836,18.180999999999997,-88.007,-86.667,-56.485,40708,2611,7226,30871,35,66990000.0,0.46082997462307806
294,France,-46.603,-65.635,32.546,-83.594,-83.26700000000001,-73.57,45170,3030,7964,34176,36,66990000.0,0.5101656963725929
295,France,-37.661,-61.42100000000001,33.383,-89.59200000000001,-81.624,-73.508,52827,3532,9513,39782,37,66990000.0,0.5938498283325869
296,France,-39.054,-61.92,30.938000000000002,-90.351,-81.28399999999999,-71.46,57749,4043,11053,42653,38,66990000.0,0.6367069711897299
297,France,-35.75,-61.63399999999999,33.314,-89.715,-81.829,-72.793,59929,5398,12548,41983,39,66990000.0,0.6267054784296163
298,France,-37.84,-65.77199999999999,36.649,-85.53299999999999,-82.073,-71.797,65202,6520,14135,44547,40,66990000.0,0.6649798477384684
299,France,-45.303000000000004,-73.229,23.886999999999997,-88.37,-80.029,-57.031000000000006,90848,7574,15572,67702,41,66990000.0,1.0106284520077624
300,France,-61.607,-73.328,17.489,-85.443,-82.03399999999999,-52.566,93773,8093,16349,69331,42,66990000.0,1.034945514255859
301,United Kingdom,-2.1719999999999997,-4.552,-0.314,-0.7390000000000001,2.888,-0.826,9,0,8,1,0,66650000.0,1.5003750937734433e-05
302,United Kingdom,-0.7190000000000001,-8.558,1.403,-3.2439999999999998,-2.18,-2.07,13,0,8,5,1,66650000.0,7.501875468867217e-05
303,United Kingdom,4.216,3.406,0.373,-0.77,0.616,0.5720000000000001,13,0,8,5,2,66650000.0,7.501875468867217e-05
304,United Kingdom,-0.281,5.681,0.491,0.551,-0.662,0.6679999999999999,13,0,8,5,3,66650000.0,7.501875468867217e-05
305,United Kingdom,0.88,7.632000000000001,0.483,2.215,0.079,0.19,15,0,8,7,4,66650000.0,0.00010502625656414103
306,United Kingdom,0.857,-12.745999999999999,1.003,0.551,0.05,-0.6729999999999999,20,0,8,12,5,66650000.0,0.0001800450112528132
307,United Kingdom,0.9159999999999999,-14.23,0.486,1.1,-2.32,0.38299999999999995,23,0,8,15,6,66650000.0,0.0002250562640660165
308,United Kingdom,1.83,14.225,-0.6990000000000001,6.6610000000000005,5.356,1.3419999999999999,36,0,8,28,7,66650000.0,0.00042010502625656413
309,United Kingdom,3.9160000000000004,13.776,0.12300000000000001,4.498,-0.004,0.687,40,0,8,32,8,66650000.0,0.00048012003000750186
310,United Kingdom,2.5789999999999997,11.35,0.138,2.191,-0.9890000000000001,0.882,51,0,8,43,9,66650000.0,0.0006451612903225806
311,United Kingdom,3.3810000000000002,1.9680000000000002,0.5770000000000001,1.9280000000000002,-1.608,0.799,86,0,8,78,10,66650000.0,0.0011702925731432857
312,United Kingdom,1.982,1.178,0.7070000000000001,-0.951,-2.846,0.419,116,1,8,107,11,66650000.0,0.0016054013503375845
313,United Kingdom,5.65,22.236,0.124,4.707,1.187,0.612,164,2,8,154,12,66650000.0,0.002310577644411103
314,United Kingdom,1.626,6.8660000000000005,0.021,-0.23600000000000002,-0.507,1.349,207,2,18,187,13,66650000.0,0.002805701425356339
315,United Kingdom,2.463,15.333,-0.606,3.888,2.053,1.179,274,3,18,253,14,66650000.0,0.0037959489872468116
316,United Kingdom,3.6660000000000004,4.189,0.797,0.071,-3.267,0.065,322,4,18,300,15,66650000.0,0.00450112528132033
317,United Kingdom,4.946000000000001,3.554,1.08,-1.639,-3.9939999999999998,-0.32799999999999996,384,6,19,359,16,66650000.0,0.005386346586646662
318,United Kingdom,4.838,9.58,1.272,-0.157,-5.577000000000001,-0.33899999999999997,459,8,19,432,17,66650000.0,0.006481620405101275
319,United Kingdom,10.729000000000001,5.425,1.652,-1.453,-8.128,-1.452,459,8,19,432,18,66650000.0,0.006481620405101275
320,United Kingdom,11.255999999999998,12.475999999999999,2.354,-2.181,-9.327,-3.949,802,8,19,775,19,66650000.0,0.011627906976744186
321,United Kingdom,7.3420000000000005,0.71,2.431,-10.119,-15.149000000000001,-2.177,1144,21,19,1104,20,66650000.0,0.016564141035258814
322,United Kingdom,6.989,-1.047,1.868,-10.751,-15.969000000000001,-3.975,1145,21,19,1105,21,66650000.0,0.01657914478619655
323,United Kingdom,20.057000000000002,29.355,3.662,-3.005,-16.462,-8.713,1551,56,21,1474,22,66650000.0,0.022115528882220556
324,United Kingdom,20.789,6.345,7.482,-15.261,-27.061,-16.412,1960,56,53,1851,23,66650000.0,0.027771942985746437
325,United Kingdom,22.41,-3.1860000000000004,10.408,-21.083000000000002,-33.843,-22.714000000000002,2642,72,67,2503,24,66650000.0,0.03755438859714929
326,United Kingdom,24.123,2.436,11.453,-21.443,-36.729,-26.88,2716,138,67,2511,25,66650000.0,0.037674418604651164
327,United Kingdom,9.889,6.204,12.737,-28.338,-39.531,-28.86,4014,178,67,3769,26,66650000.0,0.05654913728432108
328,United Kingdom,1.288,1.6869999999999998,10.800999999999998,-49.728,-46.178999999999995,-25.255,5067,234,67,4766,27,66650000.0,0.07150787696924231
329,United Kingdom,-13.558,19.599,8.552999999999999,-56.428999999999995,-46.056999999999995,-29.987,5745,282,67,5396,28,66650000.0,0.08096024006001501
330,United Kingdom,-8.06,1.4169999999999998,17.205,-45.136,-52.518,-45.498999999999995,6726,336,67,6323,29,66650000.0,0.09486871717929482
331,United Kingdom,-23.636,-14.469000000000001,23.648000000000003,-70.817,-64.184,-58.24100000000001,8164,423,140,7601,30,66650000.0,0.11404351087771943
332,United Kingdom,-25.859,-11.868,26.188000000000002,-73.325,-67.957,-64.009,9640,466,140,9034,31,66650000.0,0.13554388597149286
333,United Kingdom,-28.079,-10.981,27.057,-74.267,-69.835,-66.083,11812,580,150,11082,32,66650000.0,0.166271567891973
334,United Kingdom,-28.803,-26.353,28.236,-75.783,-70.682,-66.399,14745,761,151,13833,33,66650000.0,0.20754688672168042
335,United Kingdom,-38.775999999999996,-54.393,19.692,-83.179,-73.99600000000001,-57.181000000000004,17312,1021,151,16140,34,66650000.0,0.24216054013503377
336,United Kingdom,-45.678999999999995,-52.382,15.445,-84.787,-74.717,-55.326,19780,1231,151,18398,35,66650000.0,0.2760390097524381
337,United Kingdom,-32.257,-32.513000000000005,26.643,-74.071,-72.567,-68.962,22453,1411,171,20871,36,66650000.0,0.31314328582145534
338,United Kingdom,-30.051,-20.74,27.249000000000002,-74.119,-71.641,-69.521,25481,1793,179,23509,37,66650000.0,0.3527231807951988
339,United Kingdom,-32.096,-28.52,28.198,-75.382,-72.995,-69.43,29865,2357,179,27329,38,66650000.0,0.41003750937734434
340,United Kingdom,-31.53,-24.471999999999998,28.511,-75.288,-73.492,-69.691,34173,2926,192,31055,39,66650000.0,0.46594148537134283
341,United Kingdom,-29.945,-24.943,28.929000000000002,-75.801,-71.888,-68.669,38689,3611,208,34870,40,66650000.0,0.5231807951987997
342,United Kingdom,-36.235,-37.668,19.249000000000002,-81.405,-71.611,-56.77,42477,4320,215,37942,41,66650000.0,0.5692723180795198
343,United Kingdom,-41.018,-28.555999999999997,14.842,-81.94200000000001,-70.423,-53.626000000000005,48436,4943,229,43264,42,66650000.0,0.6491222805701425
344,Indonesia,-1.204,-4.647,1.248,-1.959,-4.2989999999999995,3.4960000000000004,0,0,0,0,0,267700000.0,0.0
345,Indonesia,-3.135,-3.995,1.026,-2.449,-1.405,3.6630000000000003,0,0,0,0,1,267700000.0,0.0
346,Indonesia,-2.0540000000000003,-5.537000000000001,2.7880000000000003,-5.3660000000000005,-6.3260000000000005,-2.249,0,0,0,0,2,267700000.0,0.0
347,Indonesia,-0.846,-3.313,0.359,-1.975,0.09300000000000001,2.985,0,0,0,0,3,267700000.0,0.0
348,Indonesia,1.86,-2.6630000000000003,0.41200000000000003,0.251,2.38,3.9939999999999998,0,0,0,0,4,267700000.0,0.0
349,Indonesia,2.793,-5.428,0.528,0.8690000000000001,3.365,5.239,0,0,0,0,5,267700000.0,0.0
350,Indonesia,5.782,-6.891,-0.174,2.219,4.1,5.755,0,0,0,0,6,267700000.0,0.0
351,Indonesia,5.181,-8.158,0.746,1.284,0.19899999999999998,2.947,0,0,0,0,7,267700000.0,0.0
352,Indonesia,12.08,-0.21899999999999997,-0.324,5.397,2.764,4.937,2,0,0,2,8,267700000.0,7.4710496824803885e-06
353,Indonesia,9.789,-2.15,0.314,2.813,1.556,4.8069999999999995,2,0,0,2,9,267700000.0,7.4710496824803885e-06
354,Indonesia,3.675,-4.753,1.103,0.154,-0.863,4.155,2,0,0,2,10,267700000.0,7.4710496824803885e-06
355,Indonesia,7.835,-1.368,0.474,3.5210000000000004,3.3089999999999997,4.239,2,0,0,2,11,267700000.0,7.4710496824803885e-06
356,Indonesia,3.682,-3.295,0.574,2.425,3.0580000000000003,6.428999999999999,4,0,0,4,12,267700000.0,1.4942099364960777e-05
357,Indonesia,5.959,-4.401,0.253,2.765,2.714,5.555,4,0,0,4,13,267700000.0,1.4942099364960777e-05
358,Indonesia,4.412,-3.7539999999999996,1.082,1.171,-1.463,3.823,6,0,0,6,14,267700000.0,2.2413149047441165e-05
359,Indonesia,3.478,-1.0490000000000002,0.785,2.4,0.71,4.534,19,0,0,19,15,267700000.0,7.097497198356369e-05
360,Indonesia,5.8870000000000005,2.022,0.637,3.389,1.392,3.903,27,0,2,25,16,267700000.0,9.338812103100486e-05
361,Indonesia,4.715,2.344,0.586,3.202,0.7829999999999999,3.741,34,1,2,31,17,267700000.0,0.00011580127007844601
362,Indonesia,3.137,0.18600000000000003,0.815,2.174,0.63,3.679,34,1,2,31,18,267700000.0,0.00011580127007844601
363,Indonesia,2.668,-2.416,0.684,2.112,1.006,5.569,69,4,2,63,19,267700000.0,0.00023533806499813223
364,Indonesia,3.194,-6.364,1.266,-2.149,-5.272,5.45,96,5,8,83,20,267700000.0,0.0003100485618229361
365,Indonesia,3.4389999999999996,-11.775,2.855,-7.285,-12.124,4.124,117,5,8,104,21,267700000.0,0.0003884945834889802
366,Indonesia,1.62,-8.304,5.087,-6.504,-12.459000000000001,-7.627999999999999,134,5,8,121,22,267700000.0,0.0004519985057900635
367,Indonesia,1.34,-10.39,6.143,-8.687000000000001,-16.408,-12.939,172,5,8,159,23,267700000.0,0.0005939484497571909
368,Indonesia,0.092,-11.704,7.694,-10.787,-21.189,-15.888,227,19,11,197,24,267700000.0,0.0007358983937243183
369,Indonesia,-5.155,-16.567999999999998,8.843,-15.890999999999998,-26.36,-17.389,311,25,11,275,25,267700000.0,0.0010272693313410535
370,Indonesia,-6.909,-21.095,10.093,-19.178,-31.336,-18.266,369,32,15,322,26,267700000.0,0.0012028389988793426
371,Indonesia,-5.462000000000001,-29.565,8.66,-22.551,-33.103,-10.623,450,38,15,397,27,267700000.0,0.0014830033619723571
372,Indonesia,-14.751,-38.89,10.4,-32.451,-42.42,-6.825,514,48,29,437,28,267700000.0,0.001632424355621965
373,Indonesia,-12.495999999999999,-24.771,12.929,-26.738000000000003,-41.229,-26.86,579,49,29,501,29,267700000.0,0.0018714979454613372
374,Indonesia,-10.638,-26.244,13.3,-29.408,-41.611000000000004,-31.233,686,55,30,601,30,267700000.0,0.0022450504295853566
375,Indonesia,-20.051,-30.514,21.26,-38.18,-52.365,-59.449,790,58,31,701,31,267700000.0,0.002618602913709376
376,Indonesia,-16.578,-29.819000000000003,14.94,-34.008,-46.17100000000001,-33.501,893,78,35,780,32,267700000.0,0.0029137093761673516
377,Indonesia,-16.624000000000002,-34.397,16.011,-35.796,-49.29,-32.631,1046,87,46,913,33,267700000.0,0.0034105341800522975
378,Indonesia,-20.031,-46.044,14.674000000000001,-41.695,-49.913999999999994,-23.41,1155,102,59,994,34,267700000.0,0.003713111692192753
379,Indonesia,-27.01,-52.354,15.02,-47.24,-54.465,-15.389000000000001,1285,114,64,1107,35,267700000.0,0.004135225999252895
380,Indonesia,-19.823,-32.246,15.918,-35.908,-50.707,-33.937,1414,122,75,1217,36,267700000.0,0.004546133731789317
381,Indonesia,-16.031,-31.588,15.327,-35.15,-49.151,-34.907,1528,136,81,1311,37,267700000.0,0.0048972730668658945
382,Indonesia,-10.128,-28.326,14.795,-31.34,-49.023999999999994,-34.929,1677,157,103,1417,38,267700000.0,0.005293238700037355
383,Indonesia,-12.84,-29.469,15.684000000000001,-32.535,-50.38399999999999,-35.4,1790,170,112,1508,39,267700000.0,0.005633171460590213
384,Indonesia,-17.418,-34.179,16.539,-35.159,-53.361000000000004,-34.015,1986,181,134,1671,40,267700000.0,0.006242062009712364
385,Indonesia,-20.365,-45.034,14.698,-39.971,-54.223,-25.454,2092,191,150,1751,41,267700000.0,0.00654090399701158
386,Indonesia,-23.666999999999998,-49.528,14.354000000000001,-43.438,-57.611000000000004,-16.689,2273,198,164,1911,42,267700000.0,0.007138587971610011
387,India,-1.192,0.7170000000000001,0.9690000000000001,-2.077,-0.484,2.213,3,0,3,0,0,1353000000.0,0.0
388,India,0.036000000000000004,2.103,0.18899999999999997,-1.264,0.882,4.271,3,0,3,0,1,1353000000.0,0.0
389,India,-1.7369999999999999,2.65,0.128,-0.691,1.087,1.055,3,0,3,0,2,1353000000.0,0.0
390,India,-0.19699999999999998,1.4969999999999999,-0.6829999999999999,0.358,2.6289999999999996,3.25,3,0,3,0,3,1353000000.0,0.0
391,India,-0.6990000000000001,3.362,-0.205,-0.6779999999999999,0.97,3.596,3,0,3,0,4,1353000000.0,0.0
392,India,1.423,3.2239999999999998,0.039,0.287,1.49,4.656000000000001,3,0,3,0,5,1353000000.0,0.0
393,India,-0.78,-0.8190000000000001,0.32,-1.767,0.247,7.707000000000001,3,0,3,0,6,1353000000.0,0.0
394,India,3.565,0.657,0.752,0.9670000000000001,0.34700000000000003,3.3810000000000002,3,0,3,0,7,1353000000.0,0.0
395,India,2.476,2.7539999999999996,0.162,-0.257,-0.047,4.848,5,0,3,2,8,1353000000.0,1.4781966001478196e-06
396,India,1.7990000000000002,2.918,0.08199999999999999,-0.75,0.34,3.572,5,0,3,2,9,1353000000.0,1.4781966001478196e-06
397,India,5.343999999999999,0.892,0.001,0.456,2.705,6.921,28,0,3,25,10,1353000000.0,1.8477457501847746e-05
398,India,2.983,2.627,0.36200000000000004,-0.7290000000000001,1.7719999999999998,4.968999999999999,30,0,3,27,11,1353000000.0,1.9955654101995564e-05
399,India,2.0580000000000003,-0.322,1.008,-1.308,2.6239999999999997,4.825,31,0,3,28,12,1353000000.0,2.0694752402069477e-05
400,India,5.812,1.78,0.11199999999999999,0.24,4.909,6.876,34,0,3,31,13,1353000000.0,2.2912047302291204e-05
401,India,8.745,1.71,0.2,2.16,3.201,6.03,39,0,3,36,14,1353000000.0,2.6607538802660753e-05
402,India,5.905,4.058,3.498,-1.361,-6.067,-12.394,43,0,3,40,15,1353000000.0,2.9563932002956393e-05
403,India,-22.915,-3.6239999999999997,11.229000000000001,-19.005,-22.171999999999997,-43.88,56,0,4,52,16,1353000000.0,3.843311160384331e-05
404,India,-1.171,-1.798,0.727,-5.18,-0.845,-5.349,62,1,4,57,17,1353000000.0,4.212860310421286e-05
405,India,0.5720000000000001,1.889,0.105,-3.315,-0.46,-0.364,73,1,4,68,18,1353000000.0,5.025868440502587e-05
406,India,1.433,-0.126,1.107,-4.978,-1.9709999999999999,0.354,82,2,4,76,19,1353000000.0,5.617147080561715e-05
407,India,-2.517,-5.5920000000000005,3.64,-10.597999999999999,-7.763999999999999,-5.534,102,2,4,96,20,1353000000.0,7.095343680709535e-05
408,India,-0.894,-6.497999999999999,2.6,-11.093,-6.608,1.6640000000000001,113,2,13,98,21,1353000000.0,7.243163340724316e-05
409,India,1.561,-1.4780000000000002,2.714,-7.599,-5.834,-3.938,119,2,13,104,22,1353000000.0,7.686622320768662e-05
410,India,0.272,-2.16,3.142,-10.512,-8.524,-8.356,142,3,14,125,23,1353000000.0,9.238728750923873e-05
411,India,1.449,-5.867999999999999,3.858,-11.895,-9.969,-7.61,156,3,14,139,24,1353000000.0,0.00010273466371027346
412,India,1.126,-6.891,4.914,-15.786,-14.009,-11.142999999999999,194,4,15,175,25,1353000000.0,0.00012934220251293422
413,India,0.914,-12.683,6.984,-22.318,-18.195,-14.866,244,5,20,219,26,1353000000.0,0.00016186252771618626
414,India,-4.04,-22.68,8.271,-33.736999999999995,-25.235,-17.765,330,4,23,303,27,1353000000.0,0.00022394678492239467
415,India,-76.363,-57.623999999999995,21.371,-78.074,-69.51100000000001,-49.251000000000005,396,7,27,362,28,1353000000.0,0.00026755358462675534
416,India,-27.006,-35.079,19.905,-54.169,-52.193999999999996,-50.413000000000004,499,10,27,462,29,1353000000.0,0.0003414634146341463
417,India,-47.76,-44.486999999999995,25.194000000000003,-67.533,-63.67,-64.91199999999999,536,10,40,486,30,1353000000.0,0.00035920177383592017
418,India,-64.123,-52.799,30.267,-76.904,-73.23,-71.834,657,12,43,602,31,1353000000.0,0.0004449371766444937
419,India,-63.799,-50.977,29.980999999999998,-76.438,-73.14699999999999,-70.256,727,20,45,662,32,1353000000.0,0.0004892830746489283
420,India,-63.591,-51.872,30.885,-76.733,-73.294,-69.78,887,20,73,794,33,1353000000.0,0.0005868440502586844
421,India,-65.2,-54.355,29.099,-77.923,-73.296,-65.786,987,24,84,879,34,1353000000.0,0.0006496674057649667
422,India,-65.28699999999999,-56.523999999999994,21.993000000000002,-77.059,-71.29899999999999,-46.674,1024,27,95,902,35,1353000000.0,0.0006666666666666666
423,India,-63.416000000000004,-51.18899999999999,30.121,-75.92399999999999,-73.76100000000001,-67.977,1251,32,102,1117,36,1353000000.0,0.0008255728011825573
424,India,-63.001000000000005,-50.224,28.717,-75.472,-72.72,-68.22399999999999,1397,35,123,1239,37,1353000000.0,0.0009157427937915742
425,India,-63.988,-51.968999999999994,29.34,-76.245,-73.006,-68.245,1998,58,148,1792,38,1353000000.0,0.0013244641537324465
426,India,-64.96,-51.245,30.213,-76.443,-73.57600000000001,-69.235,2543,72,191,2280,39,1353000000.0,0.0016851441241685144
427,India,-62.276,-50.525,29.823,-75.62,-72.616,-66.67699999999999,2567,72,192,2303,40,1353000000.0,0.0017021433850702144
428,India,-63.82,-53.44,27.834,-76.867,-72.652,-61.095,3082,86,229,2767,41,1353000000.0,0.0020450849963045085
429,India,-64.9,-56.07,21.094,-76.539,-71.191,-42.906000000000006,3588,99,229,3260,42,1353000000.0,0.002409460458240946
430,Italy,16.073,23.070999999999998,-0.05,-5.313,5.6610000000000005,1.037,155,3,2,150,0,60360000.0,0.002485089463220676
431,Italy,23.017,21.999000000000002,4.053999999999999,-4.181,-14.71,-13.79,229,7,1,221,1,60360000.0,0.0036613651424784624
432,Italy,5.011,19.648,5.245,-5.959,-18.298,-15.092,322,10,1,311,2,60360000.0,0.005152418820410868
433,Italy,-4.899,-5.877000000000001,5.696000000000001,-13.302999999999999,-22.778000000000002,-12.405,453,12,3,438,3,60360000.0,0.007256461232604374
434,Italy,-2.81,-1.197,5.697,-9.615,-21.733,-11.853,655,17,45,593,4,60360000.0,0.009824387011265739
435,Italy,-2.3169999999999997,10.527000000000001,5.127999999999999,-7.997000000000001,-19.689,-11.739,888,21,46,821,5,60360000.0,0.013601722995361167
436,Italy,-2.056,2.293,3.385,-9.937000000000001,-16.064,-8.557,1128,29,46,1053,6,60360000.0,0.017445328031809145
437,Italy,-5.295,-29.793000000000003,4.26,-18.881,-25.69,-5.316,1694,34,83,1577,7,60360000.0,0.026126573889993374
438,Italy,-6.676,-26.105,4.976,-13.422,-24.525,-8.533,2036,52,149,1835,8,60360000.0,0.030400927766732935
439,Italy,-0.9440000000000001,-8.655,4.282,-6.956,-20.695999999999998,-8.134,2502,79,160,2263,9,60360000.0,0.037491716368455934
440,Italy,0.669,7.897,3.904,-7.297999999999999,-18.791,-8.029,3089,107,276,2706,10,60360000.0,0.044831013916500996
441,Italy,0.409,-11.690999999999999,6.973,-12.297,-27.645,-15.805,3858,148,414,3296,11,60360000.0,0.05460569913850232
442,Italy,0.302,-7.7620000000000005,7.755,-14.77,-28.523000000000003,-16.676,4636,197,523,3916,12,60360000.0,0.06487740225314778
443,Italy,1.21,1.881,6.013999999999999,-19.283,-23.886,-15.107000000000001,5883,233,589,5061,13,60360000.0,0.0838469184890656
444,Italy,2.563,1.224,5.999,-31.554000000000002,-26.989,-10.45,7375,366,622,6387,14,60360000.0,0.10581510934393638
445,Italy,-0.8190000000000001,-23.921999999999997,11.4,-30.044,-42.398999999999994,-23.842,9172,463,724,7985,15,60360000.0,0.13228959575878066
446,Italy,-2.206,-31.901999999999997,15.690999999999999,-43.035,-50.763000000000005,-31.261,10149,631,724,8794,16,60360000.0,0.14569251159708416
447,Italy,-14.399000000000001,-31.784000000000002,18.658,-51.982,-56.71,-37.155,12462,827,1045,10590,17,60360000.0,0.1754473161033797
448,Italy,-23.274,-60.575,24.298000000000002,-70.28399999999999,-67.154,-46.77,12462,827,1045,10590,18,60360000.0,0.1754473161033797
449,Italy,-27.691,-63.773,27.548000000000002,-74.76,-70.868,-52.857,17660,1266,1439,14955,19,60360000.0,0.2477634194831014
450,Italy,-42.62,-78.30199999999999,24.989,-83.365,-76.13600000000001,-57.691,21157,1441,1966,17750,20,60360000.0,0.29406891981444666
451,Italy,-59.72,-81.116,22.092,-90.15100000000001,-80.134,-55.273,24747,1809,2335,20603,21,60360000.0,0.3413353214049039
452,Italy,-36.513000000000005,-67.388,27.16,-75.02199999999999,-74.403,-57.678999999999995,27980,2158,2749,23073,22,60360000.0,0.38225646123260437
453,Italy,-40.88,-68.041,28.555999999999997,-77.08,-75.555,-60.628,31506,2503,2941,26062,23,60360000.0,0.4317760106030484
454,Italy,-43.43,-70.684,29.575,-78.752,-76.815,-61.318000000000005,35713,2978,4025,28710,24,60360000.0,0.47564612326043737
455,Italy,-43.623999999999995,-73.96300000000001,30.711,-79.025,-77.985,-62.668,41035,3405,4440,33190,25,60360000.0,0.5498674618952949
456,Italy,-40.066,-77.295,32.105,-79.855,-78.304,-63.245,47021,4032,4440,38549,26,60360000.0,0.6386514247846256
457,Italy,-51.501000000000005,-85.15899999999999,26.486,-85.90299999999999,-80.385,-62.611000000000004,53578,4825,6072,42681,27,60360000.0,0.7071073558648111
458,Italy,-84.64,-91.456,24.228,-94.79,-86.887,-63.423,59138,5476,7024,46638,28,60360000.0,0.7726640159045726
459,Italy,-45.417,-80.842,31.618000000000002,-80.113,-80.985,-68.042,63927,6077,7024,50826,29,60360000.0,0.8420477137176938
460,Italy,-47.981,-80.165,32.476,-81.387,-80.609,-69.18,69176,6820,8326,54030,30,60360000.0,0.8951292246520874
461,Italy,-51.36600000000001,-82.369,33.621,-83.29799999999999,-81.94,-70.19,74386,7503,9362,57521,31,60360000.0,0.9529655400927767
462,Italy,-51.891999999999996,-84.025,35.26,-84.18299999999999,-83.16799999999999,-72.316,80589,8215,10361,62013,32,60360000.0,1.027385685884692
463,Italy,-45.747,-82.339,35.986999999999995,-82.76700000000001,-82.154,-71.253,86498,9134,10950,66414,33,60360000.0,1.1002982107355865
464,Italy,-53.691,-85.686,27.355999999999998,-86.52600000000001,-81.548,-64.905,92472,10023,12384,70065,34,60360000.0,1.1607852882703777
465,Italy,-84.79799999999999,-90.208,23.88,-94.49600000000001,-86.571,-63.285,97689,10779,13030,73880,35,60360000.0,1.2239893969516236
466,Italy,-46.812,-79.29899999999999,31.921999999999997,-81.262,-80.686,-69.318,101739,11591,14620,75528,36,60360000.0,1.2512922465208747
467,Italy,-42.413999999999994,-77.696,32.625,-90.42299999999999,-79.234,-70.19800000000001,105792,12428,15729,77635,37,60360000.0,1.2861994698475812
468,Italy,-41.175,-77.12,32.922,-90.406,-78.593,-69.586,110574,13155,16847,80572,38,60360000.0,1.334857521537442
469,Italy,-40.234,-77.29,33.659,-90.03399999999999,-78.794,-69.678,115242,13915,18278,83049,39,60360000.0,1.3758946322067593
470,Italy,-37.501999999999995,-78.429,34.659,-84.958,-79.454,-69.014,119827,14681,19758,85388,40,60360000.0,1.414645460569914
471,Italy,-47.714,-84.445,26.87,-88.51899999999999,-79.949,-63.113,124632,15362,20996,88274,41,60360000.0,1.4624585818422797
472,Italy,-82.10799999999999,-89.874,24.031,-95.15799999999999,-85.87799999999999,-62.256,128948,15887,21815,91246,42,60360000.0,1.5116964877402252
473,Japan,3.236,16.085,-0.20199999999999999,0.5489999999999999,1.746,-0.003,147,1,22,124,0,126500000.0,0.0009802371541501977
474,Japan,3.928,53.543,14.365,17.69,-26.635,-54.747,159,1,22,136,1,126500000.0,0.001075098814229249
475,Japan,6.611000000000001,-0.318,0.862,0.109,-1.858,0.7559999999999999,170,1,22,147,2,126500000.0,0.0011620553359683794
476,Japan,3.3360000000000003,-4.989,0.9670000000000001,-3.701,-5.11,0.502,189,2,22,165,3,126500000.0,0.0013043478260869566
477,Japan,6.346,-3.77,1.45,-2.838,-6.716,0.317,214,4,22,188,4,126500000.0,0.0014861660079051383
478,Japan,13.866,-4.224,2.182,-2.144,-10.148,0.693,228,4,22,202,5,126500000.0,0.0015968379446640317
479,Japan,9.376,-22.303,4.158,-9.777000000000001,-20.686999999999998,3.1889999999999996,241,5,32,204,6,126500000.0,0.0016126482213438735
480,Japan,8.767999999999999,-1.15,3.636,-10.312000000000001,-23.195999999999998,1.474,256,6,32,218,7,126500000.0,0.0017233201581027667
481,Japan,2.524,-15.437000000000001,3.679,-9.91,-15.414000000000001,-1.631,274,6,32,236,8,126500000.0,0.0018656126482213438
482,Japan,8.856,11.454,3.5260000000000002,-1.7619999999999998,-15.122,-2.487,293,6,43,244,9,126500000.0,0.0019288537549407114
483,Japan,-1.8419999999999999,-20.642,4.83,-12.207,-19.22,-4.183,331,6,43,282,10,126500000.0,0.0022292490118577075
484,Japan,2.701,-8.238999999999999,4.336,-8.561,-17.712,-3.6489999999999996,360,6,43,311,11,126500000.0,0.002458498023715415
485,Japan,1.6669999999999998,4.838,4.872,-9.369,-18.117,-3.7110000000000003,420,6,46,368,12,126500000.0,0.002909090909090909
486,Japan,2.085,-8.2,5.256,-12.050999999999998,-23.584,-3.5260000000000002,461,6,76,379,13,126500000.0,0.0029960474308300396
487,Japan,-4.19,-35.228,5.763,-16.707,-31.487,-5.364,502,6,76,420,14,126500000.0,0.0033201581027667982
488,Japan,1.841,11.235,3.75,-6.909,-15.16,-2.988,511,10,76,425,15,126500000.0,0.0033596837944664033
489,Japan,-2.5639999999999996,-28.285,5.811,-9.326,-18.468,-5.381,581,10,101,470,16,126500000.0,0.003715415019762846
490,Japan,4.118,12.753,3.472,-3.304,-15.812000000000001,-4.245,639,15,118,506,17,126500000.0,0.004
491,Japan,5.422999999999999,16.148,3.4960000000000004,-2.617,-15.433,-4.15,639,16,118,505,18,126500000.0,0.003992094861660079
492,Japan,2.891,10.026,4.531000000000001,-4.89,-16.785999999999998,-4.477,701,19,118,564,19,126500000.0,0.004458498023715415
493,Japan,-4.2989999999999995,-38.849000000000004,6.662000000000001,-13.815,-27.464000000000002,-7.402,773,22,118,633,20,126500000.0,0.00500395256916996
494,Japan,5.122000000000001,9.162,3.4939999999999998,-7.212000000000001,-21.311999999999998,-2.625,839,22,118,699,21,126500000.0,0.005525691699604743
495,Japan,-0.013000000000000001,-6.595,3.905,-6.935,-15.258,-2.965,839,27,144,668,22,126500000.0,0.005280632411067194
496,Japan,4.019,13.988,3.6210000000000004,-1.026,-14.728,-3.7939999999999996,878,29,144,705,23,126500000.0,0.005573122529644268
497,Japan,3.306,20.43,2.7689999999999997,-2.6919999999999997,-13.507,-3.509,889,29,144,716,24,126500000.0,0.005660079051383399
498,Japan,6.081,16.717,1.859,4.409,-10.261,-4.229,924,29,150,745,25,126500000.0,0.005889328063241107
499,Japan,6.306,39.906,16.919,7.212999999999999,-33.735,-53.858999999999995,963,33,191,739,26,126500000.0,0.005841897233201581
500,Japan,4.931,33.929,3.361,-5.9270000000000005,-14.602,-7.287999999999999,1007,35,232,740,27,126500000.0,0.005849802371541502
501,Japan,1.204,17.805999999999997,2.803,-8.93,-17.707,-3.116,1101,41,235,825,28,126500000.0,0.006521739130434782
502,Japan,0.295,10.686,3.198,-4.1739999999999995,-12.985999999999999,-3.3369999999999997,1128,42,235,851,29,126500000.0,0.006727272727272728
503,Japan,3.1839999999999997,14.369000000000002,3.705,0.33899999999999997,-13.323,-4.293,1193,43,285,865,30,126500000.0,0.006837944664031621
504,Japan,8.049,30.783,2.443,1.706,-11.15,-4.365,1307,45,310,952,31,126500000.0,0.007525691699604743
505,Japan,12.581,25.921999999999997,3.034,0.12300000000000001,-12.860999999999999,-5.1739999999999995,1387,47,359,981,32,126500000.0,0.007754940711462451
506,Japan,3.0039999999999996,-9.461,6.122999999999999,-9.503,-19.4,-7.303,1468,49,372,1047,33,126500000.0,0.008276679841897233
507,Japan,1.004,-23.070999999999998,7.207000000000001,-18.094,-32.555,-7.843999999999999,1693,52,404,1237,34,126500000.0,0.009778656126482214
508,Japan,-7.289,-24.671999999999997,7.138999999999999,-25.87,-40.606,-8.538,1866,54,424,1388,35,126500000.0,0.010972332015810276
509,Japan,3.9560000000000004,-2.2319999999999998,5.33,-7.3020000000000005,-19.604,-7.597,1866,54,424,1388,36,126500000.0,0.010972332015810276
510,Japan,6.526,8.971,5.43,-4.3260000000000005,-19.502,-7.17,1953,56,424,1473,37,126500000.0,0.011644268774703558
511,Japan,-4.662,-29.165,6.8260000000000005,-19.636,-24.820999999999998,-9.901,2178,57,472,1649,38,126500000.0,0.013035573122529644
512,Japan,6.479,13.435,6.237,-12.009,-23.254,-10.46,2495,62,472,1961,39,126500000.0,0.01550197628458498
513,Japan,5.565,25.704,7.143,-14.485999999999999,-24.521,-10.564,2617,63,514,2040,40,126500000.0,0.016126482213438736
514,Japan,6.485,26.386999999999997,8.004,-20.552,-35.328,-12.195,3139,77,514,2548,41,126500000.0,0.020142292490118577
515,Japan,2.222,3.465,7.806,-25.386,-42.858999999999995,-13.279000000000002,3139,77,514,2548,42,126500000.0,0.020142292490118577
516,South Korea,-18.094,-11.841,8.347000000000001,-31.261999999999997,-25.255,-9.48,602,6,18,578,0,51640000.0,0.011192873741285825
517,South Korea,6.224,6.404,7.666,-20.961,-15.275,-5.846,833,8,18,807,1,51640000.0,0.015627420604182804
518,South Korea,-12.620999999999999,-38.108000000000004,9.9,-32.566,-25.853,-10.475,977,10,22,945,2,51640000.0,0.01829976762199845
519,South Korea,-7.292999999999999,5.159,9.302,-29.182,-22.208000000000002,-10.815,1261,12,22,1227,3,51640000.0,0.02376065065840434
520,South Korea,-10.415,0.5760000000000001,9.441,-30.092,-24.139,-10.288,1766,13,22,1731,4,51640000.0,0.03352052672347018
521,South Korea,-16.559,-37.909,13.120999999999999,-36.609,-29.772,-11.823,2337,13,22,2302,5,51640000.0,0.044577846630518975
522,South Korea,-9.729,-12.536,12.460999999999999,-37.591,-31.666999999999998,-9.717,3150,16,27,3107,6,51640000.0,0.060166537567776915
523,South Korea,-7.982,-17.3,11.332,-40.59,-36.214,-15.975,3736,17,30,3689,7,51640000.0,0.07143687064291247
524,South Korea,-0.784,9.916,9.175,-23.023000000000003,-19.553,-8.395,4335,28,30,4277,8,51640000.0,0.08282339271882262
525,South Korea,-6.992999999999999,2.434,7.784,-24.004,-20.774,-8.764,5186,28,30,5128,9,51640000.0,0.09930286599535244
526,South Korea,-10.375,-7.171,10.027000000000001,-29.612,-25.381999999999998,-10.505,5621,35,41,5545,10,51640000.0,0.10737800154918668
527,South Korea,-11.39,-1.703,9.369,-28.241,-24.845,-8.927999999999999,6088,35,41,6012,11,51640000.0,0.11642137877614253
528,South Korea,-8.048,0.573,10.146,-26.753,-22.269000000000002,-8.613,6593,42,135,6416,12,51640000.0,0.12424477149496514
529,South Korea,-7.332999999999999,-16.067,11.332,-32.378,-29.465999999999998,-7.932,7041,44,135,6862,13,51640000.0,0.13288148721920992
530,South Korea,-13.593,34.202,8.545,-26.816999999999997,-23.695999999999998,-13.832,7314,50,118,7146,14,51640000.0,0.13838109992254066
531,South Korea,1.126,16.055,8.086,-18.515,-16.574,-6.071000000000001,7478,53,118,7307,15,51640000.0,0.14149883810999225
532,South Korea,-11.325999999999999,-32.214,9.22,-26.8,-24.511999999999997,-8.701,7513,54,247,7212,16,51640000.0,0.1396591789310612
533,South Korea,-2.9989999999999997,23.49,7.914,-21.909000000000002,-18.023,-8.203,7755,60,288,7407,17,51640000.0,0.14343532145623547
534,South Korea,-4.755,18.526,7.735,-23.0,-19.655,-6.983,7869,66,333,7470,18,51640000.0,0.1446553059643687
535,South Korea,-4.614,1.989,9.314,-23.697,-19.885,-7.141,7979,66,510,7403,19,51640000.0,0.14335786212238574
536,South Korea,0.963,3.9419999999999997,8.825,-24.535999999999998,-22.048000000000002,-5.313,8086,72,510,7504,20,51640000.0,0.1453137103020914
537,South Korea,0.586,-3.088,8.772,-28.326,-28.616,-12.309000000000001,8162,75,510,7577,21,51640000.0,0.14672734314484895
538,South Korea,1.06,22.677,7.681,-16.653,-16.089000000000002,-5.545,8236,75,1137,7024,22,51640000.0,0.13601859024012394
539,South Korea,-4.695,11.850999999999999,6.392,-18.74,-17.000999999999998,-5.933,8320,81,1407,6832,23,51640000.0,0.13230054221533694
540,South Korea,-0.9279999999999999,47.386,7.044,-19.177,-15.743,-7.0360000000000005,8413,84,1540,6789,24,51640000.0,0.13146785437645236
541,South Korea,-13.401,-17.625,9.122,-28.296,-25.028000000000002,-6.907,8565,91,1540,6934,25,51640000.0,0.13427575522850504
542,South Korea,-1.7280000000000002,17.387,8.02,-20.162,-16.789,-5.587000000000001,8652,94,1540,7018,26,51640000.0,0.13590240123934935
543,South Korea,3.9789999999999996,30.87,7.4270000000000005,-21.261,-18.331,-5.016,8799,102,1540,7157,27,51640000.0,0.1385941130906274
544,South Korea,-8.014,52.028,6.557,-20.03,-17.219,-12.41,8961,111,2909,5941,28,51640000.0,0.11504647560030984
545,South Korea,6.072,46.95,6.772,-14.556,-13.263,-5.251,8961,111,2909,5941,29,51640000.0,0.11504647560030984
546,South Korea,0.069,40.473,5.494,-16.19,-13.399000000000001,-5.965,9037,120,3507,5410,30,51640000.0,0.10476374903175832
547,South Korea,1.117,60.636,6.609,-17.913,-13.514000000000001,-7.627000000000001,9137,126,3730,5281,31,51640000.0,0.10226568551510457
548,South Korea,-7.849,3.0039999999999996,8.39,-24.945,-21.439,-7.249,9241,131,4144,4966,32,51640000.0,0.09616576297443842
549,South Korea,-3.627,3.5989999999999998,9.757,-22.631,-19.819000000000003,-7.531000000000001,9332,139,4528,4665,33,51640000.0,0.09033694810224632
550,South Korea,1.821,15.862,8.128,-22.897,-20.439,-6.643,9478,144,4811,4523,34,51640000.0,0.08758714175058095
551,South Korea,10.640999999999998,51.356,6.266,-19.305,-17.239,-11.556,9583,152,5033,4398,35,51640000.0,0.08516653756777692
552,South Korea,4.216,59.708,6.577000000000001,-12.987,-11.909,-5.742999999999999,9661,158,5228,4275,36,51640000.0,0.08278466305189776
553,South Korea,2.122,53.995,4.902,-11.302,-9.535,-5.432,9786,162,5408,4216,37,51640000.0,0.08164213787761425
554,South Korea,0.429,44.122,7.063,-17.962,-14.703,-7.502999999999999,9887,165,5567,4155,38,51640000.0,0.08046088303640589
555,South Korea,-1.764,43.677,6.532,-18.015,-14.636,-6.307,9976,169,5828,3979,39,51640000.0,0.07705267234701782
556,South Korea,0.8079999999999999,36.321,7.2589999999999995,-17.524,-12.522,-6.3420000000000005,10062,174,6021,3867,40,51640000.0,0.0748838109992254
557,South Korea,5.398,25.21,7.129,-19.283,-16.474,-7.867000000000001,10156,177,6325,3654,41,51640000.0,0.07075910147172734
558,South Korea,13.581,46.272,5.721,-16.769000000000002,-14.462,-12.599,10237,183,6463,3591,42,51640000.0,0.06953911696359412
559,Mexico,1.405,8.318999999999999,-0.5820000000000001,2.055,7.04,1.527,0,0,0,0,0,126200000.0,0.0
560,Mexico,-0.142,6.1,-1.429,-1.713,3.505,8.353,0,0,0,0,1,126200000.0,0.0
561,Mexico,-1.956,7.144,-1.215,-1.5019999999999998,1.844,5.917999999999999,0,0,0,0,2,126200000.0,0.0
562,Mexico,-1.321,2.595,-0.745,-3.0010000000000003,1.226,6.391,0,0,0,0,3,126200000.0,0.0
563,Mexico,1.297,-0.39799999999999996,-0.972,0.74,2.352,6.952000000000001,0,0,0,0,4,126200000.0,0.0
564,Mexico,5.837999999999999,2.6,-2.075,3.4210000000000003,5.715,11.853,1,0,0,1,5,126200000.0,7.923930269413629e-06
565,Mexico,8.366,5.376,-1.081,5.507000000000001,4.762,5.5729999999999995,4,0,0,4,6,126200000.0,3.1695721077654516e-05
566,Mexico,8.665,6.511,-1.01,6.175,6.992000000000001,3.214,5,0,0,5,7,126200000.0,3.961965134706815e-05
567,Mexico,5.952999999999999,1.786,-1.666,1.276,4.4910000000000005,10.405,5,0,0,5,8,126200000.0,3.961965134706815e-05
568,Mexico,2.552,1.902,-1.5419999999999998,0.977,2.333,8.757,5,0,1,4,9,126200000.0,3.1695721077654516e-05
569,Mexico,4.3,2.2359999999999998,-1.278,1.0190000000000001,2.546,8.522,5,0,1,4,10,126200000.0,3.1695721077654516e-05
570,Mexico,3.2089999999999996,2.536,-1.3880000000000001,1.9469999999999998,2.8989999999999996,8.435,5,0,1,4,11,126200000.0,3.1695721077654516e-05
571,Mexico,0.392,-0.09300000000000001,-1.465,-1.3090000000000002,3.333,12.047,6,0,1,5,12,126200000.0,3.961965134706815e-05
572,Mexico,1.911,3.7710000000000004,-0.358,0.6729999999999999,1.619,5.705,6,0,1,5,13,126200000.0,3.961965134706815e-05
573,Mexico,3.1310000000000002,9.776,-0.377,3.375,3.529,3.47,7,0,1,6,14,126200000.0,4.754358161648178e-05
574,Mexico,-5.837999999999999,-7.935,6.53,-10.795,-17.207,-15.562999999999999,7,0,1,6,15,126200000.0,4.754358161648178e-05
575,Mexico,0.175,1.851,-1.517,-1.526,3.142,8.682,7,0,4,3,16,126200000.0,2.377179080824089e-05
576,Mexico,1.9509999999999998,2.133,-1.271,-0.556,1.824,8.334,8,0,4,4,17,126200000.0,3.1695721077654516e-05
577,Mexico,3.761,3.2430000000000003,-1.723,1.3730000000000002,2.8369999999999997,7.752000000000001,12,0,4,8,18,126200000.0,6.339144215530903e-05
578,Mexico,6.332999999999999,2.505,-0.912,2.298,4.946000000000001,5.193,12,0,4,8,19,126200000.0,6.339144215530903e-05
579,Mexico,10.085,6.115,-1.449,2.323,3.697,3.3,26,0,4,22,20,126200000.0,0.00017432646592709984
580,Mexico,7.05,6.428999999999999,-1.264,0.33,-3.852,1.036,41,0,4,37,21,126200000.0,0.0002931854199683043
581,Mexico,5.396,-7.024,12.808,-10.815999999999999,-30.436999999999998,-54.458,53,0,4,49,22,126200000.0,0.0003882725832012678
582,Mexico,5.026,-8.102,1.905,-6.928,-8.607999999999999,-2.9530000000000003,82,0,4,78,23,126200000.0,0.0006180665610142631
583,Mexico,2.5660000000000003,-13.993,5.721,-12.69,-16.938,-9.927,93,0,4,89,24,126200000.0,0.000705229793977813
584,Mexico,0.5529999999999999,-16.395,6.941,-16.567999999999998,-21.675,-13.853,118,1,4,113,25,126200000.0,0.0008954041204437401
585,Mexico,-3.319,-22.357,9.424,-23.264,-26.044,-14.39,164,1,4,159,26,126200000.0,0.001259904912836767
586,Mexico,-6.654,-31.570999999999998,8.924,-30.624000000000002,-28.677,-7.372000000000001,203,2,4,197,27,126200000.0,0.001561014263074485
587,Mexico,-13.325999999999999,-37.188,8.006,-36.918,-33.066,-10.372,251,2,4,245,28,126200000.0,0.0019413629160063392
588,Mexico,-13.575,-30.163,12.387,-31.052,-36.765,-28.905,316,3,4,309,29,126200000.0,0.0024484944532488116
589,Mexico,-15.742,-32.939,14.245999999999999,-34.604,-40.993,-34.084,367,4,4,359,30,126200000.0,0.002844690966719493
590,Mexico,-16.476,-35.518,15.652999999999999,-36.705999999999996,-43.67,-36.207,405,5,4,396,31,126200000.0,0.003137876386687797
591,Mexico,-17.031,-35.961999999999996,16.185,-37.148,-45.799,-37.082,475,6,4,465,32,126200000.0,0.0036846275752773377
592,Mexico,-16.569000000000003,-37.045,17.418,-39.023,-46.95399999999999,-33.905,585,8,4,573,33,126200000.0,0.004540412044374009
593,Mexico,-13.890999999999998,-39.099000000000004,12.492,-39.696999999999996,-42.70399999999999,-17.548,717,12,4,701,34,126200000.0,0.005554675118858954
594,Mexico,-19.352,-46.315,11.08,-45.464,-46.526,-19.522000000000002,848,16,4,828,35,126200000.0,0.006561014263074485
595,Mexico,-15.394,-35.702,15.347000000000001,-34.976,-46.756,-37.902,993,20,35,938,36,126200000.0,0.007432646592709984
596,Mexico,-15.280999999999999,-36.639,16.179000000000002,-35.21,-48.151,-41.05,1094,28,35,1031,37,126200000.0,0.008169572107765451
597,Mexico,-12.582,-38.643,17.695,-37.475,-50.423,-43.687,1215,29,35,1151,38,126200000.0,0.009120443740095087
598,Mexico,-11.985999999999999,-40.968999999999994,19.112000000000002,-46.505,-52.045,-45.775,1378,37,35,1306,39,126200000.0,0.0103486529318542
599,Mexico,-10.946,-42.662,20.956,-55.71,-52.123999999999995,-42.78,1510,50,633,827,40,126200000.0,0.006553090332805071
600,Mexico,-10.831,-46.059,15.530999999999999,-56.99,-48.188,-27.058000000000003,1688,60,633,995,41,126200000.0,0.007884310618066562
601,Mexico,-18.704,-51.655,12.777999999999999,-62.075,-51.443999999999996,-27.099,1890,79,633,1178,42,126200000.0,0.009334389857369256
602,Saudi Arabia,-3.762,2.889,1.993,-6.785,-7.372000000000001,4.327,0,0,0,0,0,33700000.0,0.0
603,Saudi Arabia,-6.34,5.332999999999999,1.79,-9.292,-7.885,3.8760000000000003,0,0,0,0,1,33700000.0,0.0
604,Saudi Arabia,-2.912,1.91,1.395,-6.42,-3.2489999999999997,3.049,0,0,0,0,2,33700000.0,0.0
605,Saudi Arabia,-1.265,-3.3139999999999996,2.494,-4.814,-2.595,-1.111,0,0,0,0,3,33700000.0,0.0
606,Saudi Arabia,4.852,-3.3489999999999998,0.703,2.45,-1.9669999999999999,3.179,0,0,0,0,4,33700000.0,0.0
607,Saudi Arabia,6.396,2.725,1.5659999999999998,2.8310000000000004,-10.102,-2.6439999999999997,0,0,0,0,5,33700000.0,0.0
608,Saudi Arabia,6.011,-2.188,0.785,0.593,-6.45,1.939,0,0,0,0,6,33700000.0,0.0
609,Saudi Arabia,5.006,1.69,0.9470000000000001,0.8390000000000001,-6.257999999999999,4.698,0,0,0,0,7,33700000.0,0.0
610,Saudi Arabia,2.6910000000000003,-0.418,1.033,-2.22,-8.437999999999999,4.421,1,0,0,1,8,33700000.0,2.967359050445104e-05
611,Saudi Arabia,3.207,-0.37,0.8270000000000001,-1.25,-8.113,4.024,1,0,0,1,9,33700000.0,2.967359050445104e-05
612,Saudi Arabia,2.2769999999999997,1.722,0.982,-1.207,-6.422999999999999,3.585,1,0,0,1,10,33700000.0,2.967359050445104e-05
613,Saudi Arabia,2.675,-1.768,1.2229999999999999,1.0270000000000001,-9.468,3.83,5,0,0,5,11,33700000.0,0.0001483679525222552
614,Saudi Arabia,2.141,-0.633,2.426,-0.934,-16.54,-2.6210000000000004,5,0,0,5,12,33700000.0,0.0001483679525222552
615,Saudi Arabia,1.579,-9.011000000000001,2.032,-4.263999999999999,-16.194000000000003,1.5519999999999998,5,0,0,5,13,33700000.0,0.0001483679525222552
616,Saudi Arabia,2.387,-1.722,1.956,-3.938,-17.74,3.843,11,0,0,11,14,33700000.0,0.0003264094955489614
617,Saudi Arabia,1.923,0.382,5.067,-8.061,-20.574,-8.255,15,0,0,15,15,33700000.0,0.00044510385756676556
618,Saudi Arabia,3.469,3.737,4.553999999999999,-5.337000000000001,-18.722,-8.729,20,0,1,19,16,33700000.0,0.0005637982195845697
619,Saudi Arabia,0.34299999999999997,3.591,4.658,-7.106,-21.013,-8.842,21,0,1,20,17,33700000.0,0.0005934718100890207
620,Saudi Arabia,0.08800000000000001,-11.76,6.641,-9.567,-24.951999999999998,-9.369,45,0,1,44,18,33700000.0,0.0013056379821958456
621,Saudi Arabia,-1.379,-16.928,5.569,-15.8,-30.962,-4.848,86,0,1,85,19,33700000.0,0.0025222551928783385
622,Saudi Arabia,-0.07400000000000001,-13.673,4.808,-16.135,-27.803,-0.308,103,0,1,102,20,33700000.0,0.003026706231454006
623,Saudi Arabia,4.303,-8.283999999999999,6.881,-14.427,-33.779,-11.222000000000001,103,0,1,102,21,33700000.0,0.003026706231454006
624,Saudi Arabia,2.121,-19.024,9.413,-29.026,-43.125,-19.406,118,0,2,116,22,33700000.0,0.0034421364985163204
625,Saudi Arabia,-4.994,-24.624000000000002,10.979000000000001,-34.732,-46.934,-24.008000000000003,171,0,6,165,23,33700000.0,0.0048961424332344215
626,Saudi Arabia,-8.155,-29.491,12.911,-38.274,-50.213,-27.445,171,0,6,165,24,33700000.0,0.0048961424332344215
627,Saudi Arabia,-12.058,-41.909,16.438,-41.178000000000004,-55.958,-30.739,274,0,6,268,25,33700000.0,0.007952522255192879
628,Saudi Arabia,-17.677,-59.46,13.717,-50.425,-61.597,-21.166,344,0,8,336,26,33700000.0,0.009970326409495548
629,Saudi Arabia,-15.754000000000001,-49.638999999999996,13.744000000000002,-49.071999999999996,-68.605,-19.584,392,0,16,376,27,33700000.0,0.01115727002967359
630,Saudi Arabia,-17.765,-43.062,18.266,-48.566,-69.03699999999999,-37.464,511,0,16,495,28,33700000.0,0.014688427299703264
631,Saudi Arabia,-25.255,-51.095,21.143,-57.589,-72.221,-42.291000000000004,562,0,16,546,29,33700000.0,0.016201780415430266
632,Saudi Arabia,-22.07,-50.973,21.753,-55.55,-73.445,-43.143,767,1,28,738,30,33700000.0,0.021899109792284866
633,Saudi Arabia,-18.619,-50.78,21.421,-54.218,-72.714,-43.611999999999995,900,2,29,869,31,33700000.0,0.025786350148367953
634,Saudi Arabia,-21.916999999999998,-61.216,25.645,-57.14,-75.723,-46.033,1012,3,33,976,32,33700000.0,0.028961424332344214
635,Saudi Arabia,-29.444000000000003,-74.242,20.684,-65.036,-81.91199999999999,-37.927,1104,3,35,1066,33,33700000.0,0.031632047477744805
636,Saudi Arabia,-24.083000000000002,-59.31,18.954,-56.103,-77.01899999999999,-31.049,1203,4,37,1162,34,33700000.0,0.03448071216617211
637,Saudi Arabia,-23.631,-49.287,22.682,-53.965,-74.545,-45.245,1299,8,66,1225,35,33700000.0,0.03635014836795252
638,Saudi Arabia,-26.406,-50.766000000000005,22.239,-55.552,-74.581,-46.273,1453,8,115,1330,36,33700000.0,0.03946587537091988
639,Saudi Arabia,-25.976999999999997,-51.912,22.069000000000003,-55.431000000000004,-74.156,-46.026,1563,10,165,1388,37,33700000.0,0.041186943620178045
640,Saudi Arabia,-26.039,-52.288999999999994,22.430999999999997,-55.575,-74.479,-46.035,1720,16,264,1440,38,33700000.0,0.042729970326409496
641,Saudi Arabia,-25.73,-60.591,25.671999999999997,-56.651,-76.74600000000001,-45.968999999999994,1885,21,328,1536,39,33700000.0,0.0455786350148368
642,Saudi Arabia,-31.971,-74.366,21.148000000000003,-66.36399999999999,-82.87100000000001,-40.286,2039,25,351,1663,40,33700000.0,0.04934718100890208
643,Saudi Arabia,-27.642,-61.355,20.198,-58.138000000000005,-78.23,-33.69,2179,29,420,1730,41,33700000.0,0.0513353115727003
644,Saudi Arabia,-24.123,-51.591,23.316999999999997,-54.668,-75.557,-46.813,2402,34,488,1880,42,33700000.0,0.055786350148367955
645,Sweden,0.062,23.363000000000003,-0.134,1.915,0.253,-0.562,1,0,0,1,0,10230000.0,9.775171065493646e-05
646,Sweden,0.375,23.505,0.779,1.7080000000000002,-3.112,-4.34,1,0,0,1,1,10230000.0,9.775171065493646e-05
647,Sweden,8.763,8.363999999999999,0.655,8.125,-2.542,-3.839,1,0,0,1,2,10230000.0,9.775171065493646e-05
648,Sweden,1.911,4.296,0.925,4.846,-4.982,-4.279,2,0,0,2,3,10230000.0,0.00019550342130987292
649,Sweden,4.082,10.357999999999999,0.914,7.367999999999999,-2.477,-5.031000000000001,7,0,0,7,4,10230000.0,0.0006842619745845552
650,Sweden,1.641,16.058,0.995,6.662000000000001,-0.9570000000000001,-6.218999999999999,7,0,0,7,5,10230000.0,0.0006842619745845552
651,Sweden,3.562,8.137,-0.152,7.6739999999999995,4.534,0.19699999999999998,12,0,0,12,6,10230000.0,0.0011730205278592375
652,Sweden,-2.104,-6.903,0.7440000000000001,-0.767,-5.5489999999999995,-2.447,14,0,0,14,7,10230000.0,0.0013685239491691105
653,Sweden,1.999,10.105,0.9109999999999999,1.104,-2.8489999999999998,-1.9480000000000002,15,0,0,15,8,10230000.0,0.001466275659824047
654,Sweden,1.876,4.864,0.846,0.094,-4.141,-1.595,21,0,0,21,9,10230000.0,0.0020527859237536657
655,Sweden,-0.551,-2.169,1.4180000000000001,-2.356,-5.28,-1.837,35,0,0,35,10,10230000.0,0.003421309872922776
656,Sweden,2.529,7.627999999999999,0.996,0.47600000000000003,-3.675,-1.723,94,0,0,94,11,10230000.0,0.009188660801564028
657,Sweden,1.301,23.906999999999996,0.9890000000000001,2.201,-0.7509999999999999,-2.032,101,0,0,101,12,10230000.0,0.009872922776148582
658,Sweden,3.895,35.973,0.048,4.997,5.877999999999999,0.331,161,0,0,161,13,10230000.0,0.01573802541544477
659,Sweden,-1.8840000000000001,-0.255,0.507,0.792,-5.76,-1.3459999999999999,203,0,0,203,14,10230000.0,0.019843597262952102
660,Sweden,0.247,8.197000000000001,1.119,-2.211,-4.773,-0.391,248,0,1,247,15,10230000.0,0.024144672531769305
661,Sweden,0.639,3.182,1.063,-3.5810000000000004,-5.745,0.233,355,0,1,354,16,10230000.0,0.03460410557184751
662,Sweden,3.9789999999999996,9.571,1.584,-4.353,-7.327999999999999,-1.252,500,1,1,498,17,10230000.0,0.04868035190615836
663,Sweden,11.165999999999999,-16.539,3.826,-11.556,-15.838,-4.452,599,1,1,597,18,10230000.0,0.05835777126099707
664,Sweden,7.996,-3.548,5.696000000000001,-13.089,-19.419,-9.541,814,1,1,812,19,10230000.0,0.07937438905180841
665,Sweden,9.203,58.782,3.4339999999999997,-16.599,-13.36,-5.732,961,2,1,958,20,10230000.0,0.09364613880742913
666,Sweden,-1.9269999999999998,-15.052,4.522,-24.901,-30.237,-9.894,1022,3,1,1018,21,10230000.0,0.09951124144672532
667,Sweden,3.114,10.755,7.6370000000000005,-18.543,-25.204,-16.707,1103,6,1,1096,22,10230000.0,0.10713587487781036
668,Sweden,0.389,2.455,9.499,-24.386999999999997,-31.635,-21.188000000000002,1190,7,1,1182,23,10230000.0,0.1155425219941349
669,Sweden,-3.284,0.639,11.415999999999999,-26.113000000000003,-36.7,-26.884,1279,10,1,1268,24,10230000.0,0.12394916911045943
670,Sweden,-1.9140000000000001,39.543,11.043,-22.223000000000003,-34.896,-27.570999999999998,1439,11,16,1412,25,10230000.0,0.1380254154447703
671,Sweden,-5.04,10.717,11.719000000000001,-23.765,-37.469,-28.11,1639,16,16,1607,26,10230000.0,0.15708699902248288
672,Sweden,-4.937,66.354,5.612,-26.261999999999997,-27.552,-13.047,1763,20,16,1727,27,10230000.0,0.16881720430107527
673,Sweden,-8.655,57.016000000000005,4.8260000000000005,-26.49,-32.753,-14.834000000000001,1934,21,16,1897,28,10230000.0,0.18543499511241446
674,Sweden,-8.368,7.893,10.995,-24.72,-38.148,-27.36,2046,25,16,2005,29,10230000.0,0.1959921798631476
675,Sweden,-7.3839999999999995,22.228,11.252,-25.23,-37.346,-27.54,2286,36,16,2234,30,10230000.0,0.21837732160312806
676,Sweden,0.537,24.969,10.899000000000001,-18.738,-36.302,-27.56,2526,62,16,2448,31,10230000.0,0.23929618768328445
677,Sweden,-2.052,48.294,11.046,-18.351,-35.153,-28.394000000000002,2840,77,16,2747,32,10230000.0,0.26852394916911043
678,Sweden,-4.599,42.618,11.145,-18.702,-35.274,-28.596,3069,105,16,2948,33,10230000.0,0.28817204301075267
679,Sweden,-4.078,52.373000000000005,5.815,-23.622,-29.496,-14.558,3447,105,16,3326,34,10230000.0,0.3251221896383187
680,Sweden,-9.787,42.63399999999999,5.437,-23.986,-36.419000000000004,-17.773,3700,110,16,3574,35,10230000.0,0.3493646138807429
681,Sweden,-9.593,7.893,11.212,-22.461,-39.166,-29.043000000000003,4028,146,16,3866,36,10230000.0,0.3779081133919844
682,Sweden,-6.966,27.455,11.044,-21.956999999999997,-37.312,-28.697,4435,180,16,4239,37,10230000.0,0.41436950146627566
683,Sweden,-4.894,27.436,11.147,-22.428,-37.708,-28.717,4947,239,103,4605,38,10230000.0,0.4501466275659824
684,Sweden,-7.504,-5.901,12.821,-26.636,-42.574,-30.158,5568,308,103,5157,39,10230000.0,0.5041055718475074
685,Sweden,-6.775,5.662999999999999,12.614,-25.1,-40.663000000000004,-30.625999999999998,6131,358,205,5568,40,10230000.0,0.5442815249266862
686,Sweden,-5.3870000000000005,57.463,6.272,-26.480999999999998,-31.666,-16.079,6443,373,205,5865,41,10230000.0,0.5733137829912024
687,Sweden,-9.006,69.48,5.71,-24.878,-37.289,-17.902,6830,401,205,6224,42,10230000.0,0.6084066471163245
688,Turkey,5.2010000000000005,21.105999999999998,0.022000000000000002,6.791,3.2319999999999998,6.667999999999999,0,0,0,0,0,82000000.0,0.0
689,Turkey,3.1310000000000002,7.4110000000000005,-1.344,2.721,3.406,8.662,0,0,0,0,1,82000000.0,0.0
690,Turkey,5.872000000000001,12.282,-2.008,3.053,4.493,9.029,0,0,0,0,2,82000000.0,0.0
691,Turkey,5.632000000000001,15.175,-1.99,1.412,2.832,10.354000000000001,0,0,0,0,3,82000000.0,0.0
692,Turkey,4.197,6.872999999999999,-1.2570000000000001,-2.151,3.076,11.425999999999998,0,0,0,0,4,82000000.0,0.0
693,Turkey,2.832,5.81,-0.654,-2.9619999999999997,-0.24600000000000002,7.865,0,0,0,0,5,82000000.0,0.0
694,Turkey,-2.2319999999999998,-16.244,2.18,-5.694,-9.726,7.36,0,0,0,0,6,82000000.0,0.0
695,Turkey,10.017000000000001,35.042,-0.184,8.818,3.4160000000000004,6.792999999999999,0,0,0,0,7,82000000.0,0.0
696,Turkey,6.707999999999999,17.837,-1.955,6.117000000000001,6.605,9.661,0,0,0,0,8,82000000.0,0.0
697,Turkey,8.556000000000001,22.901,-3.0010000000000003,6.638999999999999,5.928999999999999,9.792,0,0,0,0,9,82000000.0,0.0
698,Turkey,7.164,15.67,-2.126,2.295,3.79,10.674000000000001,0,0,0,0,10,82000000.0,0.0
699,Turkey,7.54,9.901,-1.735,2.944,3.7969999999999997,12.083,0,0,0,0,11,82000000.0,0.0
700,Turkey,10.421,17.042,-1.607,5.749,4.232,9.485,0,0,0,0,12,82000000.0,0.0
701,Turkey,12.47,34.12,-2.039,12.927,8.669,10.083,0,0,0,0,13,82000000.0,0.0
702,Turkey,15.173,68.226,-3.188,18.209,12.218,8.283,0,0,0,0,14,82000000.0,0.0
703,Turkey,8.009,23.741999999999997,-2.6260000000000003,8.282,7.521,9.922,0,0,0,0,15,82000000.0,0.0
704,Turkey,6.522,4.268,-2.0580000000000003,2.036,0.535,9.556000000000001,0,0,0,0,16,82000000.0,0.0
705,Turkey,21.221999999999998,15.283,-2.017,3.137,2.748,10.637,1,0,0,1,17,82000000.0,1.2195121951219513e-05
706,Turkey,19.49,25.425,-2.291,6.013999999999999,5.9270000000000005,11.809000000000001,1,0,0,1,18,82000000.0,1.2195121951219513e-05
707,Turkey,13.859000000000002,11.199000000000002,-0.237,-2.094,1.885,6.442,5,0,0,5,19,82000000.0,6.097560975609756e-05
708,Turkey,10.254000000000001,9.54,1.396,-6.648,-3.6310000000000002,3.739,5,0,0,5,20,82000000.0,6.097560975609756e-05
709,Turkey,4.7780000000000005,3.215,1.879,-15.344000000000001,-15.535,0.56,6,0,0,6,21,82000000.0,7.317073170731707e-05
710,Turkey,13.040999999999999,-12.668,4.723,-12.249,-13.98,-11.734000000000002,18,0,0,18,22,82000000.0,0.00021951219512195122
711,Turkey,14.057,-18.637999999999998,7.5889999999999995,-26.129,-22.232,-19.451,47,1,0,46,23,82000000.0,0.0005609756097560975
712,Turkey,0.7240000000000001,-29.197,10.849,-36.701,-32.696,-22.701999999999998,98,1,0,97,24,82000000.0,0.0011829268292682926
713,Turkey,-3.0260000000000002,-28.087,12.800999999999998,-40.634,-37.851,-25.128,192,3,0,189,25,82000000.0,0.0023048780487804877
714,Turkey,-6.234,-27.213,15.75,-45.058,-41.412,-29.623,359,4,0,355,26,82000000.0,0.004329268292682927
715,Turkey,-10.241,-31.915,14.786,-51.731,-46.343999999999994,-25.75,670,9,0,661,27,82000000.0,0.008060975609756098
716,Turkey,-19.805,-32.539,13.005999999999998,-63.726000000000006,-54.601000000000006,-35.06,1236,30,0,1206,28,82000000.0,0.014707317073170731
717,Turkey,-12.59,-31.928,16.287,-51.266000000000005,-48.5,-37.497,1529,37,0,1492,29,82000000.0,0.01819512195121951
718,Turkey,-21.441,-38.995,18.021,-57.206,-53.888000000000005,-42.495,1872,44,0,1828,30,82000000.0,0.022292682926829267
719,Turkey,-21.534000000000002,-37.607,19.178,-58.13,-55.028,-43.199,2433,59,26,2348,31,82000000.0,0.028634146341463416
720,Turkey,-19.574,-31.561,18.899,-56.599,-54.74100000000001,-42.841,3629,75,26,3528,32,82000000.0,0.043024390243902436
721,Turkey,-21.18,-39.562,21.901,-59.248000000000005,-57.42,-44.761,5698,92,42,5564,33,82000000.0,0.06785365853658537
722,Turkey,-27.406,-56.548,20.416,-66.415,-62.672,-40.091,7402,108,70,7224,34,82000000.0,0.08809756097560975
723,Turkey,-39.336999999999996,-58.391999999999996,17.425,-74.52,-71.307,-44.94,9217,131,105,8981,35,82000000.0,0.10952439024390244
724,Turkey,-24.230999999999998,-39.196,20.54,-57.278999999999996,-58.041000000000004,-46.956,10827,168,162,10497,36,82000000.0,0.12801219512195122
725,Turkey,-27.144000000000002,-45.488,20.732,-60.543,-61.21,-48.788000000000004,13531,214,243,13074,37,82000000.0,0.1594390243902439
726,Turkey,-24.764,-46.565,22.06,-61.38,-62.005,-49.365,15679,277,333,15069,38,82000000.0,0.18376829268292683
727,Turkey,-26.644000000000002,-46.272,22.697,-61.981,-64.11,-49.667,18135,356,415,17364,39,82000000.0,0.2117560975609756
728,Turkey,-22.107,-46.701,24.958000000000002,-62.318999999999996,-63.778,-50.474,20921,425,484,20012,40,82000000.0,0.24404878048780487
729,Turkey,-30.248,-59.895,23.029,-69.521,-69.64399999999999,-46.357,23934,501,786,22647,41,82000000.0,0.2761829268292683
730,Turkey,-39.602,-61.111999999999995,18.88,-75.985,-75.61,-47.693999999999996,27069,574,1042,25453,42,82000000.0,0.31040243902439024
731,US,3.1239999999999997,22.982,-0.823,6.813,4.992,2.238,0,0,5,-5,0,328200000.0,-1.5234613040828762e-05
732,US,0.7170000000000001,9.232999999999999,0.04,1.709,1.285,2.7760000000000002,0,0,5,-5,1,328200000.0,-1.5234613040828762e-05
733,US,1.222,9.106,-0.138,4.031000000000001,2.155,1.899,0,0,6,-6,2,328200000.0,-1.8281535648994517e-05
734,US,2.464,5.209,-0.63,7.34,3.498,2.198,0,0,6,-6,3,328200000.0,-1.8281535648994517e-05
735,US,3.429,12.251,-0.45899999999999996,7.502999999999999,4.013,1.834,0,0,6,-6,4,328200000.0,-1.8281535648994517e-05
736,US,3.392,9.685,-1.284,7.996,5.34,2.428,0,0,7,-7,5,328200000.0,-2.132845825716027e-05
737,US,7.349,20.717,-1.858,11.517999999999999,7.367000000000001,4.4030000000000005,0,0,7,-7,6,328200000.0,-2.132845825716027e-05
738,US,8.816,17.755,-1.49,12.864,6.691,2.9539999999999997,0,0,7,-7,7,328200000.0,-2.132845825716027e-05
739,US,6.122999999999999,10.253,-0.5710000000000001,7.2829999999999995,1.694,2.9789999999999996,0,0,7,-7,8,328200000.0,-2.132845825716027e-05
740,US,9.87,20.048,-0.914,10.78,2.9760000000000004,2.024,0,0,7,-7,9,328200000.0,-2.132845825716027e-05
741,US,6.172000000000001,17.146,-0.653,8.295,2.316,2.5780000000000003,0,0,7,-7,10,328200000.0,-2.132845825716027e-05
742,US,7.314,21.099,-0.665,7.989,2.4130000000000003,2.5180000000000002,0,0,7,-7,11,328200000.0,-2.132845825716027e-05
743,US,2.71,11.63,-0.5579999999999999,5.3420000000000005,1.7009999999999998,2.0069999999999997,0,0,7,-7,12,328200000.0,-2.132845825716027e-05
744,US,8.366,29.301,-1.319,9.604,6.718,4.586,0,0,7,-7,13,328200000.0,-2.132845825716027e-05
745,US,7.457000000000001,40.308,-1.065,9.783,5.382999999999999,1.68,0,0,7,-7,14,328200000.0,-2.132845825716027e-05
746,US,6.474,31.053,0.242,5.875,-0.971,-0.47100000000000003,0,0,7,-7,15,328200000.0,-2.132845825716027e-05
747,US,7.4670000000000005,18.24,0.625,6.129,-2.5869999999999997,-1.5490000000000002,892,28,8,856,16,328200000.0,0.002608165752589884
748,US,10.072000000000001,26.313000000000002,0.185,7.546,-2.158,-1.159,1214,36,8,1170,17,328200000.0,0.0035648994515539304
749,US,22.608,19.057000000000002,1.093,6.3660000000000005,-6.292000000000001,-2.903,1596,40,12,1544,18,328200000.0,0.004704448507007922
750,US,25.884,4.332,2.8360000000000003,1.514,-10.247,-6.855,2112,47,12,2053,19,328200000.0,0.00625533211456429
751,US,18.339000000000002,2.665,3.105,-6.332000000000001,-9.845,-0.9890000000000001,2658,54,12,2592,20,328200000.0,0.00789762340036563
752,US,11.804,4.734,3.391,-9.351,-13.214,-6.666,3431,63,12,3356,21,328200000.0,0.010225472273004266
753,US,21.23,-1.0,7.6,-7.559,-22.046999999999997,-19.867,4565,85,17,4463,22,328200000.0,0.013598415600243753
754,US,13.762,7.847,10.739,-18.104,-26.256,-26.753,6353,108,17,6228,23,328200000.0,0.018976234003656306
755,US,7.593999999999999,6.272,12.635,-23.678,-30.283,-30.611,7715,118,105,7492,24,328200000.0,0.02282754418037782
756,US,6.667999999999999,1.505,14.618,-27.935,-35.501999999999995,-33.412,13608,200,121,13287,25,328200000.0,0.040484460694698354
757,US,5.1610000000000005,-2.34,16.226,-31.57,-36.830999999999996,-35.535,19025,244,147,18634,26,328200000.0,0.05677635588056063
758,US,-1.7309999999999999,-2.889,11.522,-39.650999999999996,-35.842,-23.993000000000002,25435,307,176,24952,27,328200000.0,0.07602681291895186
759,US,-13.413,-11.594000000000001,10.515999999999998,-43.665,-43.575,-31.217,33765,426,178,33161,28,328200000.0,0.10103900060938452
760,US,-10.195,-22.538,17.284000000000002,-37.508,-47.465,-41.188,43586,551,178,42857,29,328200000.0,0.13058196221815965
761,US,-11.921,-9.906,18.785,-39.158,-45.851000000000006,-44.553000000000004,53659,705,348,52606,30,328200000.0,0.16028641072516758
762,US,-14.705,-7.404,19.285,-40.02,-47.242,-45.843999999999994,65701,941,361,64399,31,328200000.0,0.1962187690432663
763,US,-13.802,2.884,19.859,-40.277,-47.915,-46.601000000000006,83759,1208,681,81870,32,328200000.0,0.24945155393053017
764,US,-16.054000000000002,-7.085,21.004,-42.101000000000006,-49.006,-46.306999999999995,101580,1578,869,99133,33,328200000.0,0.3020505789152956
765,US,-18.930999999999997,-25.226,14.636,-47.733999999999995,-49.306000000000004,-33.727,121313,2023,1072,118218,34,328200000.0,0.3602010968921389
766,US,-22.299,-18.639,12.185,-46.961000000000006,-51.398999999999994,-37.647,140757,2464,2665,135628,35,328200000.0,0.4132480195003047
767,US,-17.564,-14.57,18.984,-40.196999999999996,-50.356,-47.603,161679,2975,5644,153060,36,328200000.0,0.4663619744058501
768,US,-15.693,-16.072,20.218,-39.983000000000004,-49.42,-49.328,188018,3870,7024,177124,37,328200000.0,0.5396831200487507
769,US,-10.815,-7.343999999999999,19.779,-37.299,-47.93899999999999,-49.233000000000004,213214,4753,8474,199987,38,328200000.0,0.6093449116392443
770,US,-11.209000000000001,-8.52,20.951999999999998,-39.891,-50.559,-49.853,243441,5922,9001,228518,39,328200000.0,0.6962766605728214
771,US,-11.795,-20.61,22.228,-41.888999999999996,-51.32899999999999,-49.575,275426,7083,9707,258636,40,328200000.0,0.7880438756855576
772,US,-14.975,-23.779,15.164000000000001,-48.466,-50.208,-36.657,308693,8403,14652,285638,41,328200000.0,0.8703168799512493
773,US,-20.249000000000002,-20.271,12.55,-48.911,-53.68,-40.031,336912,9615,17448,309849,42,328200000.0,0.9440859232175502
774,South Africa,-6.354,-20.793000000000003,2.833,-9.238,-12.183,-0.602,0,0,0,0,0,57780000.0,0.0
775,South Africa,-13.296,-10.142999999999999,0.614,-11.163,-2.237,4.742,0,0,0,0,1,57780000.0,0.0
776,South Africa,-1.495,-4.721,-0.8220000000000001,-0.62,2.19,5.4270000000000005,0,0,0,0,2,57780000.0,0.0
777,South Africa,-0.721,-4.496,-0.987,0.503,4.303999999999999,5.112,0,0,0,0,3,57780000.0,0.0
778,South Africa,4.5569999999999995,-5.905,-0.63,5.811,6.421,4.617,0,0,0,0,4,57780000.0,0.0
779,South Africa,10.895999999999999,-6.435,-2.385,12.196,16.822,4.21,0,0,0,0,5,57780000.0,0.0
780,South Africa,14.082,-8.395,-2.286,19.699,8.101,5.1610000000000005,0,0,0,0,6,57780000.0,0.0
781,South Africa,21.255,-3.225,-1.196,18.326,8.591000000000001,7.224,0,0,0,0,7,57780000.0,0.0
782,South Africa,5.199,-6.986000000000001,0.5529999999999999,4.012,10.434000000000001,6.976,0,0,0,0,8,57780000.0,0.0
783,South Africa,4.935,-1.32,-0.526,2.272,10.965,8.741,0,0,0,0,9,57780000.0,0.0
784,South Africa,4.9030000000000005,-1.2229999999999999,-0.068,2.575,8.921,8.132,0,0,0,0,10,57780000.0,0.0
785,South Africa,6.566,-0.968,0.023,4.204,9.152999999999999,7.95,1,0,0,1,11,57780000.0,1.7307026652821045e-05
786,South Africa,7.86,1.1059999999999999,-1.465,6.559,12.529000000000002,7.682,1,0,0,1,12,57780000.0,1.7307026652821045e-05
787,South Africa,5.602,-3.37,-0.27,7.875,2.081,6.466,1,0,0,1,13,57780000.0,1.7307026652821045e-05
788,South Africa,2.8169999999999997,-11.955,1.8359999999999999,-0.912,-5.3629999999999995,3.426,3,0,0,3,14,57780000.0,5.1921079958463136e-05
789,South Africa,-7.396,-11.189,0.833,-8.275,1.2329999999999999,6.247000000000001,3,0,0,3,15,57780000.0,5.1921079958463136e-05
790,South Africa,-8.052999999999999,-8.661,-0.9159999999999999,-9.082,0.44799999999999995,5.257999999999999,7,0,0,7,16,57780000.0,0.00012114918656974732
791,South Africa,-7.615,-6.8389999999999995,-1.8630000000000002,-8.499,-2.3280000000000003,3.5410000000000004,13,0,0,13,17,57780000.0,0.0002249913464866736
792,South Africa,-5.497999999999999,-5.99,-2.227,-5.736000000000001,-4.311,2.8339999999999996,17,0,0,17,18,57780000.0,0.0002942194530979578
793,South Africa,1.8980000000000001,-5.269,-3.647,1.14,-0.695,2.715,24,0,0,24,19,57780000.0,0.0004153686396677051
794,South Africa,1.0270000000000001,-10.107999999999999,-0.595,1.848,-8.406,3.719,38,0,0,38,20,57780000.0,0.0006576670128071998
795,South Africa,-0.08,-17.847,2.176,-5.985,-13.839,1.6909999999999998,51,0,0,51,21,57780000.0,0.0008826583592938733
796,South Africa,1.43,-18.317,3.4819999999999998,-9.579,-10.892000000000001,1.527,62,0,0,62,22,57780000.0,0.0010730356524749048
797,South Africa,-4.112,-15.725,4.798,-14.537,-13.511,-2.549,62,0,0,62,23,57780000.0,0.0010730356524749048
798,South Africa,-4.343999999999999,-12.074000000000002,7.151,-14.368,-15.905999999999999,-8.412,116,0,0,116,24,57780000.0,0.002007615091727241
799,South Africa,-4.678999999999999,-10.18,9.145,-15.672,-19.757,-13.648,150,0,0,150,25,57780000.0,0.002596053997923157
800,South Africa,0.623,-13.962,8.835,-14.02,-19.043,-15.343,202,0,0,202,26,57780000.0,0.0034960193838698512
801,South Africa,-6.442,-21.285999999999998,8.486,-23.669,-26.096999999999998,-17.755,240,0,0,240,27,57780000.0,0.004153686396677051
802,South Africa,-10.389000000000001,-23.498,8.546,-30.872,-36.434,-10.927,274,0,0,274,28,57780000.0,0.004742125302872966
803,South Africa,-4.331,-15.267000000000001,11.185,-20.211,-33.249,-21.439,402,0,0,402,29,57780000.0,0.00695742471443406
804,South Africa,18.061,-15.69,9.279,-7.457000000000001,-27.59,-21.717,554,0,4,550,30,57780000.0,0.009518864659051576
805,South Africa,33.645,-13.177,7.452000000000001,8.953,-19.307000000000002,-24.291,709,0,12,697,31,57780000.0,0.012062997577016269
806,South Africa,59.474,-9.349,6.141,15.519,-25.557,-31.774,927,0,12,915,32,57780000.0,0.015835929387331256
807,South Africa,-60.858000000000004,-47.02,40.343,-80.242,-80.51100000000001,-75.17,1170,1,31,1138,33,57780000.0,0.019695396330910348
808,South Africa,-59.76,-58.559,27.951,-79.78,-78.80199999999999,-57.958,1187,1,31,1155,34,57780000.0,0.01998961578400831
809,South Africa,-60.044,-55.157,23.929000000000002,-79.274,-80.30199999999999,-48.652,1280,2,31,1247,35,57780000.0,0.021581862236067843
810,South Africa,-51.034,-41.57899999999999,36.461,-72.729,-79.423,-74.169,1326,3,31,1292,36,57780000.0,0.02236067843544479
811,South Africa,-46.762,-40.16,34.848,-71.508,-77.899,-73.818,1353,5,31,1317,37,57780000.0,0.022793354101765317
812,South Africa,-42.446000000000005,-37.6,34.916,-69.72800000000001,-77.37100000000001,-72.935,1380,5,50,1325,38,57780000.0,0.022931810314987883
813,South Africa,-40.523,-38.226,36.55,-69.577,-77.874,-73.331,1462,5,50,1407,39,57780000.0,0.02435098650051921
814,South Africa,-42.107,-43.271,38.379,-71.513,-77.944,-72.745,1505,9,95,1401,40,57780000.0,0.024247144340602284
815,South Africa,-51.515,-57.251999999999995,26.499000000000002,-76.589,-77.02600000000001,-55.095,1585,9,95,1481,41,57780000.0,0.02563170647282797
816,South Africa,-51.42,-53.273,22.351,-75.913,-78.001,-44.32899999999999,1655,11,95,1549,42,57780000.0,0.0268085842852198
